Country,Year,Life Ladder,Log GDP per capita,Social support,Healthy life expectancy at birth,Freedom to make life choices,Generosity,Perceptions of corruption,Positive affect,Negative affect,Alcohol_all,Beer,Wine,Spirits,Alcohol_other
Afghanistan,2010,4.758,7.647,0.539,51.6,0.6,0.121,0.707,0.618,0.275,0.01,0.01,0,0,0
Afghanistan,2011,3.832,7.62,0.521,51.92,0.496,0.162,0.731,0.611,0.267,0.01,0.01,0,0,0
Afghanistan,2012,3.783,7.705,0.521,52.24,0.531,0.236,0.776,0.71,0.268,0.01,0.01,0,0,0
Afghanistan,2013,3.572,7.725,0.484,52.56,0.578,0.061,0.823,0.621,0.273,0.01,0.01,0,0,0
Afghanistan,2014,3.131,7.718,0.526,52.88,0.509,0.104,0.871,0.532,0.375,0.01,0,0,0.01,0
Afghanistan,2015,3.983,7.702,0.529,53.2,0.389,0.08,0.881,0.554,0.339,0,0,0,0,0
Afghanistan,2016,4.22,7.697,0.559,53,0.523,0.042,0.793,0.565,0.348,0.02,0,0,0.01,0
Afghanistan,2017,2.662,7.697,0.491,52.8,0.427,-0.121,0.954,0.496,0.371,0.01,0,0,0.01,0
Afghanistan,2018,2.694,7.692,0.508,52.6,0.374,-0.094,0.928,0.424,0.405,0.01,0,0,0.01,0
Albania,2010,5.269,9.303,0.733,66.4,0.569,-0.172,0.726,0.648,0.3,5.28,1.72,1.08,2.36,0.12
Albania,2011,5.867,9.331,0.759,66.68,0.487,-0.205,0.877,0.628,0.257,5.42,1.88,1.08,2.37,0.1
Albania,2012,5.51,9.347,0.785,66.96,0.602,-0.169,0.848,0.607,0.271,4.74,1.34,1.12,2.19,0.09
Albania,2013,4.551,9.359,0.759,67.24,0.632,-0.127,0.863,0.634,0.338,4.54,1.33,1.07,2.06,0.09
Albania,2014,4.814,9.378,0.626,67.52,0.735,-0.025,0.883,0.685,0.335,4.33,1.27,1,1.98,0.08
Albania,2015,4.607,9.403,0.639,67.8,0.704,-0.081,0.885,0.688,0.35,4.54,1.45,1.1,1.9,0.08
Albania,2016,4.511,9.437,0.638,68.1,0.73,-0.017,0.901,0.675,0.322,4.67,1.49,1.27,1.83,0.08
Albania,2017,4.64,9.476,0.638,68.4,0.75,-0.029,0.876,0.669,0.334,4.75,1.6,1.3,1.77,0.08
Albania,2018,5.004,9.518,0.684,68.7,0.824,0.009,0.899,0.713,0.319,4.7,1.6,1.3,1.72,0.08
Algeria,2010,5.464,9.287,,64.5,0.593,-0.205,0.618,,,0.35,0.18,0.13,0.04,0
Algeria,2011,5.317,9.297,0.81,64.66,0.53,-0.181,0.638,0.55,0.255,0.4,0.21,0.13,0.06,0
Algeria,2012,5.605,9.311,0.839,64.82,0.587,-0.172,0.69,0.604,0.23,0.43,0.23,0.13,0.07,0
Algeria,2014,6.355,9.335,0.818,65.14,,,,0.626,0.177,0.54,0.28,0.16,0.1,0
Algeria,2016,5.341,9.362,0.749,65.5,,,,0.661,0.377,0.6,0.32,0.18,0.1,0
Algeria,2017,5.249,9.354,0.807,65.7,0.437,-0.167,0.7,0.642,0.289,0.58,0.3,0.18,0.1,0
Algeria,2018,5.043,9.348,0.799,65.9,0.583,-0.146,0.759,0.591,0.293,0.58,0.3,0.18,0.1,0
Angola,2011,5.589,8.946,0.723,52.5,0.584,0.055,0.911,0.659,0.361,6.95,4.44,0.96,1.44,0.11
Angola,2012,4.36,8.992,0.753,53.2,0.456,-0.136,0.906,0.558,0.305,7.14,4.61,1.01,1.42,0.11
Angola,2013,3.937,9.005,0.722,53.9,0.41,-0.104,0.816,0.658,0.371,7.01,4.47,1,1.43,0.12
Angola,2014,3.795,9.017,0.755,54.6,0.375,-0.168,0.834,0.579,0.368,7.49,4.5,1.28,1.58,0.12
Argentina,2010,6.441,10.066,0.927,67.3,0.73,-0.126,0.855,0.846,0.211,8.15,3.32,3.91,0.45,0.47
Argentina,2011,6.776,10.112,0.889,67.48,0.816,-0.174,0.755,0.84,0.232,7.61,3.46,3.11,0.46,0.59
Argentina,2012,6.468,10.091,0.902,67.66,0.747,-0.148,0.817,0.857,0.272,7.92,3.26,3.49,0.48,0.7
Argentina,2013,6.582,10.103,0.91,67.84,0.737,-0.13,0.823,0.842,0.254,8.2,3.32,3.48,0.52,0.88
Argentina,2014,6.671,10.067,0.918,68.02,0.745,-0.164,0.854,0.857,0.238,7.87,3.34,3.19,0.55,0.79
Argentina,2015,6.697,10.083,0.926,68.2,0.881,-0.174,0.851,0.859,0.305,8.43,3.37,3.38,0.81,0.87
Argentina,2016,6.427,10.051,0.883,68.4,0.848,-0.192,0.851,0.842,0.312,8.31,3.59,3.1,0.76,0.85
Argentina,2017,6.039,10.067,0.907,68.6,0.832,-0.186,0.841,0.809,0.292,8.22,3.59,3.14,0.67,0.81
Argentina,2018,5.793,10.032,0.9,68.8,0.846,-0.211,0.855,0.82,0.321,8.22,3.59,2.86,0.72,0.72
Armenia,2010,4.368,9.136,0.66,65.2,0.459,-0.176,0.891,0.51,0.426,4.23,0.4,0.24,3.58,0.01
Armenia,2011,4.26,9.182,0.705,65.36,0.465,-0.225,0.875,0.475,0.459,4.07,0.34,0.31,3.42,0.01
Armenia,2012,4.32,9.249,0.676,65.52,0.502,-0.215,0.893,0.518,0.464,3.89,0.25,0.25,3.38,0.01
Armenia,2013,4.277,9.277,0.723,65.68,0.504,-0.195,0.9,0.562,0.45,3.92,0.43,0.28,3.21,0.01
Armenia,2014,4.453,9.307,0.739,65.84,0.506,-0.218,0.92,0.581,0.404,4.22,0.52,0.22,3.48,0.01
Armenia,2015,4.348,9.334,0.723,66,0.551,-0.203,0.901,0.594,0.438,4.04,0.49,0.22,3.33,0
Armenia,2016,4.325,9.333,0.709,66.3,0.611,-0.17,0.921,0.594,0.437,3.82,0.42,0.3,3.1,0
Armenia,2017,4.288,9.402,0.698,66.6,0.614,-0.147,0.865,0.625,0.437,3.83,0.49,0.38,2.96,0.01
Armenia,2018,5.062,9.451,0.814,66.9,0.808,-0.163,0.677,0.581,0.455,3.71,0.49,0.38,2.83,0.01
Australia,2010,7.45,10.722,0.955,72.2,0.932,0.317,0.366,0.834,0.22,10.52,4.51,3.87,1.3,0.84
Australia,2011,7.406,10.733,0.967,72.3,0.945,0.369,0.382,0.816,0.195,10.3,4.31,3.79,1.34,0.86
Australia,2012,7.196,10.754,0.945,72.4,0.935,0.274,0.368,0.811,0.214,10.03,4.14,3.78,1.26,0.85
Australia,2013,7.364,10.762,0.928,72.5,0.933,0.269,0.432,0.819,0.177,10,4.04,3.79,1.29,0.88
Australia,2014,7.289,10.772,0.924,72.6,0.923,0.319,0.442,0.775,0.245,9.9,4.02,3.76,1.23,0.89
Australia,2015,7.309,10.779,0.952,72.7,0.922,0.332,0.357,0.79,0.21,9.68,3.76,3.8,1.22,0.9
Australia,2016,7.25,10.791,0.942,73,0.922,0.239,0.399,0.791,0.236,9.79,3.87,3.79,1.25,0.88
Australia,2017,7.257,10.798,0.95,73.3,0.911,0.317,0.411,0.78,0.225,9.49,3.68,3.74,1.23,0.84
Australia,2018,7.177,10.811,0.94,73.6,0.916,0.146,0.405,0.759,0.187,9.51,3.71,3.67,1.32,0.81
Austria,2010,7.303,10.861,0.914,71.4,0.896,0.131,0.546,0.815,0.156,12.1,6.1,4.3,1.7,0
Austria,2011,7.471,10.887,0.944,71.54,0.939,0.132,0.703,0.789,0.145,11.9,6.1,4.1,1.7,0
Austria,2012,7.401,10.889,0.945,71.68,0.92,0.118,0.771,0.822,0.157,12.1,6.3,4.1,1.7,0
Austria,2013,7.499,10.883,0.95,71.82,0.922,0.168,0.679,0.787,0.163,11.6,6,3.9,1.7,0
Austria,2014,6.95,10.882,0.899,71.96,0.885,0.118,0.567,0.78,0.17,12.2,6.3,4.2,1.7,0
Austria,2015,7.076,10.881,0.928,72.1,0.9,0.099,0.557,0.798,0.164,11.6,6,3.6,1.9,0
Austria,2016,7.048,10.891,0.926,72.4,0.889,0.08,0.524,0.756,0.197,11.7,6.2,3.7,1.9,0
Austria,2017,7.294,10.908,0.906,72.7,0.89,0.133,0.518,0.748,0.18,11.7,6.2,3.6,1.9,0
Austria,2018,7.396,10.928,0.912,73,0.904,0.053,0.523,0.752,0.226,11.8,6.4,3.6,1.9,0
Azerbaijan,2010,4.219,9.569,0.687,63.4,0.501,-0.123,0.858,0.527,0.272,1.92,0.29,0.15,1.47,0.01
Azerbaijan,2011,4.68,9.54,0.725,63.64,0.537,-0.105,0.795,0.536,0.258,1.97,0.29,0.15,1.52,0.01
Azerbaijan,2012,4.911,9.549,0.762,63.88,0.599,-0.14,0.763,0.554,0.266,2.01,0.29,0.15,1.55,0.01
Azerbaijan,2013,5.481,9.592,0.77,64.12,0.672,-0.168,0.699,0.619,0.242,2.08,0.32,0.15,1.6,0.01
Azerbaijan,2014,5.252,9.607,0.799,64.36,0.733,-0.208,0.654,0.598,0.22,2,0.2,0.15,1.64,0.01
Azerbaijan,2015,5.147,9.606,0.786,64.6,0.764,-0.198,0.616,0.607,0.206,4.14,0.3,0.13,3.71,0
Azerbaijan,2016,5.304,9.564,0.777,64.9,0.713,-0.204,0.607,0.598,0.191,3.05,0.24,0.15,2.66,0.01
Azerbaijan,2017,5.152,9.555,0.787,65.2,0.731,-0.225,0.653,0.592,0.198,2.92,0.31,0.13,2.48,0
Azerbaijan,2018,5.168,9.562,0.781,65.5,0.772,-0.232,0.561,0.593,0.191,2.92,0.31,0.13,2.48,0
Bahrain,2010,5.937,10.706,0.877,66.3,0.862,-0.001,0.715,0.685,0.423,1.96,0.46,0.11,1.37,0.02
Bahrain,2011,4.824,10.696,0.908,66.58,0.87,-0.051,0.583,0.544,0.514,1.66,0.34,0.09,1.22,0.01
Bahrain,2012,5.027,10.716,0.911,66.86,0.682,,0.438,0.589,0.381,1.72,0.36,0.09,1.25,0.02
Bahrain,2013,6.69,10.757,0.884,67.14,0.809,,0.525,0.768,0.306,1.65,0.37,0.09,1.17,0.02
Bahrain,2014,6.165,10.783,,67.42,,,,,,1.57,0.38,0.1,1.06,0.02
Bahrain,2015,6.007,10.785,0.853,67.7,0.85,0.112,,0.716,0.303,1.53,0.39,0.11,1,0.02
Bahrain,2016,6.17,10.781,0.863,68.1,0.889,0.088,,0.787,0.283,1.39,0.38,0.11,0.87,0.03
Bahrain,2017,6.227,10.771,0.876,68.5,0.906,0.136,,0.814,0.29,1.25,0.37,0.1,0.75,0.02
Bangladesh,2010,4.858,7.967,0.549,60.7,0.659,-0.016,0.774,0.629,0.292,0,0,0,0,0
Bangladesh,2011,4.986,8.018,0.606,61.12,0.838,-0.069,0.757,0.685,0.235,0,0,0,0,0
Bangladesh,2012,4.724,8.07,0.582,61.54,0.668,-0.034,0.765,0.714,0.183,0,0,0,0,0
Bangladesh,2013,4.66,8.116,0.53,61.96,0.742,-0.016,0.743,0.619,0.246,0,0,0,0,0
Bangladesh,2014,4.636,8.164,0.577,62.38,0.736,-0.098,0.789,,0.231,0,0,0,0,0
Bangladesh,2015,4.633,8.216,0.601,62.8,0.815,-0.068,0.721,0.635,0.226,0,0,0,0,0
Bangladesh,2016,4.556,8.274,0.649,63.3,0.875,-0.089,0.688,0.56,0.235,0,0,0,0,0
Bangladesh,2017,4.31,8.334,0.713,63.8,0.896,0.012,0.635,0.569,0.214,0,0,0,0,0
Bangladesh,2018,4.499,8.399,0.706,64.3,0.901,-0.043,0.701,0.541,0.361,0,0,0,0,0
Belarus,2010,5.526,9.758,0.918,62.3,0.7,-0.163,0.706,0.567,0.208,14.34,2.36,0.75,5.91,5.32
Belarus,2011,5.225,9.812,0.91,62.88,0.656,-0.168,0.672,0.521,0.249,14.41,2.29,0.73,6.39,5.01
Belarus,2012,5.749,9.83,0.902,63.46,0.645,-0.217,0.657,0.523,0.181,13.47,2.18,0.76,6.54,4
Belarus,2013,5.876,9.839,0.923,64.04,0.723,-0.177,0.653,0.609,0.206,12.49,2.34,0.84,5.37,3.94
Belarus,2014,5.812,9.856,0.88,64.62,0.647,-0.048,0.682,0.619,0.209,11.21,2.15,0.84,4.73,3.5
Belarus,2015,5.719,9.815,0.924,65.2,0.623,-0.091,0.669,0.584,0.184,9.72,1.99,0.75,4.21,2.77
Belarus,2016,5.178,9.788,0.927,65.5,0.658,-0.125,0.664,0.554,0.182,9.7,2.06,0.8,4.49,2.36
Belarus,2017,5.553,9.814,0.9,65.8,0.621,-0.122,0.654,0.541,0.233,9.75,2.05,0.85,4.48,2.37
Belarus,2018,5.234,9.846,0.905,66.1,0.644,-0.174,0.718,0.45,0.236,10.09,2.18,0.91,4.53,2.48
Belgium,2010,6.854,10.779,0.931,70.8,0.807,0.022,0.697,0.828,0.24,10.27,5.03,3.72,1.48,0.05
Belgium,2011,7.111,10.783,0.937,70.92,0.88,-0.014,0.711,0.835,0.225,10.14,4.89,3.71,1.49,0.05
Belgium,2012,6.935,10.784,0.927,71.04,0.855,-0.05,0.758,0.82,0.238,10.09,4.78,3.72,1.54,0.05
Belgium,2013,7.104,10.784,0.909,71.16,0.891,0.017,0.574,0.797,0.217,10.33,4.6,3.87,1.42,0.44
Belgium,2014,6.855,10.795,0.944,71.28,0.861,0.001,0.512,0.798,0.252,10.57,4.72,3.97,1.47,0.41
Belgium,2015,6.904,10.81,0.885,71.4,0.869,0.062,0.469,0.805,0.24,10.36,4.6,3.97,1.47,0.32
Belgium,2016,6.949,10.819,0.929,71.6,0.866,-0.056,0.497,0.765,0.26,9.42,4.46,3.47,1.15,0.34
Belgium,2017,6.928,10.834,0.922,71.8,0.857,0.054,0.543,0.786,0.234,9.42,4.46,3.47,1.15,0.34
Belgium,2018,6.892,10.844,0.93,72,0.808,-0.125,0.63,0.75,0.25,9.42,4.46,3.47,1.15,0.34
Belize,2014,5.956,8.883,0.757,62.22,0.874,0.022,0.782,0.755,0.282,6.19,4.18,0.17,1.69,0.14
Benin,2011,3.87,7.904,0.477,51.98,0.773,-0.142,0.849,0.626,0.219,1.5,0.82,0.22,0.16,0.29
Benin,2012,3.193,7.923,0.523,52.26,0.769,-0.111,0.806,0.583,0.231,1.48,0.99,0.13,0.15,0.21
Benin,2013,3.479,7.964,0.577,52.54,0.783,-0.085,0.856,0.702,0.216,1.44,0.92,0.09,0.21,0.22
Benin,2014,3.347,7.998,0.506,52.82,0.776,-0.096,0.855,0.59,0.273,1.59,1.04,0.11,0.21,0.22
Benin,2015,3.625,7.988,0.434,53.1,0.733,-0.027,0.85,0.592,0.373,1.56,1.03,0.09,0.21,0.22
Benin,2016,4.007,7.993,0.493,53.5,0.78,-0.065,0.838,0.608,0.456,1.46,0.95,0.08,0.21,0.22
Benin,2017,4.853,8.021,0.436,53.9,0.727,-0.065,0.767,0.615,0.458,1.37,0.87,0.06,0.21,0.22
Benin,2018,5.82,8.059,0.504,54.3,0.713,0.002,0.747,0.647,0.468,1.37,0.87,0.06,0.21,0.22
Bhutan,2013,5.569,9.123,0.819,59.6,0.81,0.353,0.802,0.779,0.217,0.28,0.23,0,0.05,0
Bhutan,2014,4.939,9.167,0.88,59.9,0.834,0.268,0.65,0.859,0.324,0.19,0.04,0,0.15,0
Bhutan,2015,5.082,9.219,0.848,60.2,0.83,0.277,0.634,0.81,0.312,0.04,0.04,0,0,0
Bosnia and Herzegovina,2010,4.669,9.312,0.773,66.7,0.365,-0.128,0.933,0.517,0.409,4.55,3.37,0.44,0.6,0.13
Bosnia and Herzegovina,2011,4.995,9.333,0.725,66.74,0.333,-0.035,0.925,0.596,0.326,4.67,3.52,0.42,0.6,0.13
Bosnia and Herzegovina,2012,4.773,9.342,0.779,66.78,0.42,-0.013,0.953,0.548,0.338,4.76,3.63,0.42,0.57,0.14
Bosnia and Herzegovina,2013,5.124,9.382,0.767,66.82,0.39,0.042,0.97,0.544,0.315,4.59,3.45,0.46,0.54,0.14
Bosnia and Herzegovina,2014,5.249,9.411,0.788,66.86,0.412,0.232,0.976,0.531,0.262,4.64,3.41,0.47,0.62,0.15
Bosnia and Herzegovina,2015,5.117,9.457,0.656,66.9,0.631,-0.055,0.96,0.534,0.286,4.73,3.58,0.46,0.54,0.15
Bosnia and Herzegovina,2016,5.181,9.5,0.808,67.2,0.633,0.134,0.957,0.641,0.304,4.81,3.68,0.43,0.55,0.16
Bosnia and Herzegovina,2017,5.09,9.532,0.775,67.5,0.564,0.092,0.923,0.597,0.271,4.97,3.81,0.44,0.56,0.16
Bosnia and Herzegovina,2018,5.887,9.576,0.836,67.8,0.659,0.123,0.913,0.643,0.277,4.99,3.81,0.44,0.57,0.17
Botswana,2010,3.553,9.556,0.866,52.9,0.826,-0.143,0.814,0.69,0.172,5.69,2.37,0.72,0.64,1.96
Botswana,2011,3.52,9.6,0.86,53.68,0.813,-0.25,0.816,0.739,0.16,6.1,2.27,0.56,1.5,1.77
Botswana,2012,4.836,9.632,0.837,54.46,0.799,-0.203,0.814,0.773,0.171,5.22,2.25,0.43,0.57,1.98
Botswana,2013,4.128,9.728,0.856,55.24,0.767,-0.154,0.749,0.698,0.244,4.81,2.6,0.42,0.28,1.52
Botswana,2014,4.031,9.756,0.859,56.02,0.791,-0.105,0.743,0.674,0.245,4.97,2.9,0.27,0.28,1.52
Botswana,2015,3.762,9.724,0.816,56.8,0.857,-0.116,0.86,0.746,0.261,5.12,3.05,0.26,0.28,1.52
Botswana,2016,3.499,9.748,0.768,57.5,0.852,-0.253,0.729,0.686,0.252,5.14,3.06,0.28,0.28,1.52
Botswana,2017,3.505,9.756,0.768,58.2,0.817,-0.248,0.731,0.656,0.276,4.8,2.63,0.37,0.28,1.52
Botswana,2018,3.461,9.778,0.795,58.9,0.818,-0.254,0.807,0.73,0.267,4.81,2.63,0.38,0.28,1.52
Brazil,2010,6.837,9.607,0.906,64.5,0.806,-0.054,0.656,0.817,0.25,7.12,4.18,0.3,2.62,0.03
Brazil,2011,7.038,9.637,0.916,64.76,0.834,-0.072,0.662,0.807,0.268,7.11,4.19,0.3,2.59,0.03
Brazil,2012,6.66,9.647,0.89,65.02,0.849,,0.623,0.755,0.35,7.08,4.28,0.25,2.52,0.03
Brazil,2013,7.14,9.668,0.91,65.28,0.785,-0.095,0.707,0.818,0.276,6.82,4.07,0.27,2.44,0.03
Brazil,2014,6.981,9.664,0.898,65.54,0.714,-0.115,0.71,0.788,0.274,6.88,4.25,0.26,2.34,0.03
Brazil,2015,6.547,9.62,0.907,65.8,0.799,-0.016,0.771,0.755,0.325,6.59,4.08,0.24,2.25,0.03
Brazil,2016,6.375,9.578,0.912,66,0.807,-0.1,0.781,0.763,0.302,6.33,3.91,0.23,2.16,0.03
Brazil,2017,6.333,9.583,0.905,66.2,0.765,-0.175,0.794,0.716,0.308,6.24,3.84,0.26,2.11,0.04
Brazil,2018,6.191,9.589,0.882,66.4,0.751,-0.117,0.763,0.75,0.35,6.19,3.84,0.26,2.06,0.04
Bulgaria,2010,3.912,9.765,0.843,65.7,0.545,-0.144,0.941,0.546,0.238,10.16,4,1.12,5,0.05
Bulgaria,2011,3.875,9.795,0.86,65.8,0.664,-0.228,0.948,0.534,0.271,10.22,4.08,0.95,5.15,0.04
Bulgaria,2012,4.222,9.804,0.838,65.9,0.641,-0.172,0.938,0.573,0.237,11.23,4.28,1.93,4.96,0.05
Bulgaria,2013,3.993,9.813,0.829,66,0.603,-0.191,0.962,0.623,0.278,10.67,4.24,1.52,4.85,0.06
Bulgaria,2014,4.438,9.838,0.886,66.1,0.576,-0.055,0.955,0.628,0.236,10.65,4.04,1.8,4.74,0.08
Bulgaria,2015,4.865,9.883,0.908,66.2,0.637,-0.2,0.941,0.643,0.214,11.24,4.22,1.96,4.97,0.1
Bulgaria,2016,4.838,9.928,0.926,66.4,0.7,-0.17,0.936,0.622,0.172,11.48,4.37,2.02,4.95,0.14
Bulgaria,2017,5.097,9.969,0.942,66.6,0.689,-0.154,0.911,0.614,0.189,11.28,4.32,1.73,5.07,0.16
Bulgaria,2018,5.099,10.007,0.924,66.8,0.724,-0.176,0.952,0.639,0.189,11.42,4.32,1.73,5.2,0.16
Burkina Faso,2010,4.036,7.453,0.773,49.7,0.587,-0.036,0.767,0.59,0.217,5.51,0.46,0.12,0.12,4.8
Burkina Faso,2011,4.785,7.487,0.71,50.24,0.725,-0.105,0.707,0.579,0.205,5.43,0.53,0.17,0.13,4.6
Burkina Faso,2012,3.955,7.52,0.744,50.78,0.622,-0.07,0.726,0.545,0.3,5.69,0.63,0.18,0.2,4.67
Burkina Faso,2013,3.326,7.546,0.745,51.32,0.741,-0.016,0.765,0.63,0.287,5.56,0.67,0.1,0.24,4.55
Burkina Faso,2014,3.481,7.559,0.742,51.86,0.71,-0.004,0.801,0.614,0.256,7.04,0.85,0.14,0.27,5.78
Burkina Faso,2015,4.419,7.568,0.705,52.4,0.659,0.004,0.693,0.579,0.359,7.12,0.88,0.13,0.23,5.88
Burkina Faso,2016,4.206,7.596,0.764,52.9,0.645,-0.001,0.721,0.616,0.337,7.11,0.91,0.09,0.23,5.88
Burkina Faso,2017,4.647,7.627,0.785,53.4,0.614,-0.063,0.727,0.585,0.354,7.2,1,0.09,0.23,5.88
Burkina Faso,2018,4.927,7.665,0.665,53.9,0.721,-0.013,0.757,0.711,0.343,7.2,1,0.09,0.23,5.88
Burundi,2011,3.706,6.748,0.422,50.68,0.49,-0.062,0.677,0.689,0.19,4.45,1.58,0,0,2.85
Burundi,2014,2.905,6.787,0.565,51.82,0.431,-0.059,0.808,0.656,0.251,3.86,1.66,0,0.01,2.18
Burundi,2018,3.775,6.635,0.485,53.4,0.646,-0.024,0.599,0.666,0.363,4,1.81,0,0.01,2.18
Cambodia,2010,4.141,7.907,0.697,58.5,0.94,0.35,0.896,0.774,0.422,2.16,1.75,0.01,0.39,0
Cambodia,2011,4.161,7.96,0.716,58.88,0.927,0.418,0.775,0.799,0.308,2.4,1.99,0.01,0.4,0
Cambodia,2012,3.899,8.014,0.606,59.26,0.956,0.247,0.89,0.82,0.352,2.52,2.09,0.01,0.41,0
Cambodia,2013,3.674,8.068,0.651,59.64,0.941,0.164,0.812,0.792,0.44,2.8,2.38,0.01,0.41,0
Cambodia,2014,3.883,8.121,0.693,60.02,0.938,0.239,0.843,0.783,0.482,3.06,2.64,0.02,0.4,0
Cambodia,2015,4.162,8.173,0.729,60.4,0.956,0.21,0.825,0.813,0.399,3.34,2.93,0.02,0.4,0
Cambodia,2016,4.461,8.225,0.746,60.8,0.958,0.076,0.84,0.839,0.398,3.5,3.1,0.02,0.38,0
Cambodia,2017,4.586,8.276,0.765,61.2,0.964,0.088,0.821,0.799,0.408,3.7,3.29,0.02,0.38,0
Cambodia,2018,5.122,8.333,0.795,61.6,0.958,0.036,,0.845,0.414,3.7,3.29,0.02,0.39,0
Cameroon,2010,4.554,8.035,0.759,48.3,0.792,0.002,0.875,0.606,0.274,5.96,2.62,0.09,0,3.26
Cameroon,2011,4.434,8.048,0.738,48.7,0.817,-0.029,0.87,0.598,0.272,5.98,2.58,0.11,0,3.29
Cameroon,2012,4.245,8.065,0.743,49.1,0.766,-0.032,0.898,0.618,0.284,6.52,2.89,0.12,0.03,3.48
Cameroon,2013,4.271,8.09,0.76,49.5,0.794,-0.03,0.867,0.681,0.268,6.66,3.07,0.11,0,3.48
Cameroon,2014,4.24,8.12,0.778,49.9,0.795,-0.071,0.856,0.623,0.216,4.77,3.08,0.12,0.01,1.56
Cameroon,2015,5.038,8.149,0.646,50.3,0.791,0.049,0.868,0.651,0.346,4.59,2.9,0.09,0.01,1.59
Cameroon,2016,4.816,8.167,0.659,51.1,0.713,-0.003,0.879,0.662,0.367,4.15,2.49,0.06,0.01,1.59
Cameroon,2017,5.074,8.176,0.695,51.9,0.767,-0.028,0.844,0.632,0.377,4.19,2.47,0.12,0.01,1.59
Cameroon,2018,5.251,8.19,0.677,52.7,0.816,0.036,0.884,0.642,0.356,4.19,2.47,0.12,0.01,1.59
Canada,2010,7.65,10.717,0.954,72.2,0.934,0.23,0.413,0.879,0.233,8.3,4.2,1.9,2.1,0.2
Canada,2011,7.426,10.738,0.922,72.36,0.951,0.253,0.433,0.881,0.248,8.2,4,1.9,2.1,0.2
Canada,2012,7.415,10.744,0.948,72.52,0.918,0.29,0.466,0.857,0.229,8.3,4,2,2.1,0.2
Canada,2013,7.594,10.757,0.936,72.68,0.916,0.316,0.406,0.851,0.263,8.2,3.9,2,2.1,0.2
Canada,2014,7.304,10.775,0.918,72.84,0.939,0.27,0.442,0.833,0.259,8,3.8,2,2,0.3
Canada,2015,7.413,10.774,0.939,73,0.931,0.253,0.427,0.845,0.286,8,3.7,2,2,0.3
Canada,2016,7.245,10.773,0.924,73.2,0.912,0.211,0.385,0.825,0.237,8.1,3.7,2.1,2.1,0.3
Canada,2017,7.415,10.792,0.934,73.4,0.945,0.163,0.362,0.863,0.218,8.2,3.6,2.1,2.1,0.3
Canada,2018,7.175,10.798,0.923,73.6,0.946,0.106,0.372,0.824,0.259,8.2,3.6,2.2,2.1,0.3
Central African Republic,2010,3.568,7.091,0.483,42.7,0.69,-0.036,0.845,0.523,0.257,1.87,0.29,0.01,0.04,1.52
Central African Republic,2011,3.678,7.125,0.387,43.08,0.78,-0.016,0.834,0.524,0.277,1.89,0.34,0.02,0.02,1.5
Central African Republic,2016,2.693,6.785,0.29,44.9,0.624,0.033,0.859,0.579,0.494,0.87,0.52,0.01,0.03,0.32
Central African Republic,2017,3.476,6.817,0.32,45.2,0.645,0.073,0.89,0.614,0.599,0.88,0.51,0.02,0.03,0.32
Chad,2010,3.743,7.457,0.734,45.1,0.505,0.025,0.858,0.545,0.287,1.04,0.32,0.54,0.03,0.15
Chad,2011,4.393,7.425,0.819,45.42,0.54,0.031,0.876,0.591,0.289,1.02,0.37,0.47,0.04,0.14
Chad,2012,4.033,7.476,0.673,45.74,0.563,-0.034,0.884,0.527,0.316,1,0.37,0.42,0.04,0.18
Chad,2013,3.508,7.498,0.714,46.06,0.488,-0.045,0.882,0.462,0.314,0.62,0.41,0.01,0.04,0.16
Chad,2014,3.46,7.532,0.733,46.38,0.567,-0.07,0.881,0.536,0.329,0.5,0.47,0.01,0.03,0
Chad,2015,4.323,7.527,0.751,46.7,0.474,-0.029,0.889,0.607,0.358,0.5,0.48,0.01,0.01,0
Chad,2016,4.029,7.431,0.616,47.2,0.525,0.052,0.82,0.582,0.468,0.5,0.46,0.03,0.01,0
Chad,2017,4.559,7.37,0.661,47.7,0.615,0.008,0.792,0.628,0.538,0.42,0.4,0.01,0.01,0
Chad,2018,4.486,7.363,0.577,48.2,0.65,0.024,0.763,0.553,0.544,0.42,0.4,0.01,0.01,0
Chile,2010,6.636,9.931,0.857,68.9,0.786,0.108,0.702,0.809,0.3,7.55,2.35,3.1,2.1,0
Chile,2011,6.526,9.98,0.819,69.04,0.701,0.112,0.753,0.804,0.317,7.02,2.51,2.51,2,0
Chile,2012,6.599,10.023,0.855,69.18,0.734,0.195,0.782,0.815,0.288,8.35,2.55,2.65,3.15,0
Chile,2013,6.74,10.053,0.862,69.32,0.737,0.085,0.741,0.855,0.285,7.23,2.67,2.37,2.19,0
Chile,2014,6.844,10.059,0.862,69.46,0.733,0.217,0.758,0.87,0.276,7.92,2.79,2.85,2.28,0
Chile,2015,6.533,10.07,0.827,69.6,0.769,0.041,0.812,0.803,0.333,7.89,2.85,2.61,2.43,0
Chile,2016,6.579,10.074,0.841,69.7,0.652,0.102,0.858,0.869,0.283,7.78,2.74,2.61,2.43,0
Chile,2017,6.32,10.072,0.88,69.8,0.79,-0.02,0.836,0.838,0.291,7.84,2.8,2.61,2.43,0
Chile,2018,6.436,10.097,0.89,69.9,0.789,-0.06,0.816,0.833,0.276,7.84,2.8,2.61,2.43,0
China,2010,4.653,9.092,0.768,67.6,0.805,-0.133,,0.765,0.158,5.75,1.67,0.17,3.91,0
China,2011,5.037,9.179,0.787,67.76,0.824,-0.186,,0.82,0.134,5.57,1.76,0.18,3.64,0
China,2012,5.095,9.249,0.788,67.92,0.808,-0.185,,0.821,0.159,5.69,1.82,0.18,3.7,0
China,2013,5.241,9.319,0.778,68.08,0.805,-0.158,,0.836,0.142,5.76,1.88,0.18,3.7,0
China,2014,5.196,9.386,0.82,68.24,,-0.217,,0.854,0.112,5.76,1.86,0.16,3.73,0
China,2015,5.304,9.449,0.794,68.4,,-0.244,,0.809,0.171,5.66,1.74,0.17,3.75,0
China,2016,5.325,9.51,0.742,68.7,,-0.228,,0.826,0.146,5.63,1.68,0.18,3.77,0
China,2017,5.099,9.571,0.772,69,0.878,-0.175,,0.821,0.214,5.64,1.67,0.2,3.78,0
China,2018,5.131,9.632,0.788,69.3,0.895,-0.159,,0.856,0.19,5.62,1.67,0.2,3.75,0
Colombia,2010,6.408,9.384,0.893,65.7,0.816,-0.05,0.815,0.831,0.265,4.19,2.8,0.05,1.33,0.02
Colombia,2011,6.464,9.442,0.904,65.92,0.811,-0.073,0.847,0.832,0.286,4.28,2.9,0.06,1.3,0.02
Colombia,2012,6.375,9.471,0.914,66.14,0.828,-0.009,0.868,0.846,0.294,4.36,2.99,0.06,1.28,0.02
Colombia,2013,6.607,9.512,0.901,66.36,0.841,-0.071,0.898,0.851,0.278,4.33,2.98,0.06,1.27,0.02
Colombia,2014,6.449,9.546,0.907,66.58,0.801,-0.09,0.887,0.847,0.278,4.34,2.99,0.1,1.23,0.02
Colombia,2015,6.388,9.564,0.89,66.8,0.791,-0.1,0.843,0.839,0.292,4.48,3.14,0.1,1.22,0.02
Colombia,2016,6.234,9.571,0.882,67.1,0.835,-0.1,0.898,0.794,0.294,4.54,3.18,0.1,1.24,0.02
Colombia,2017,6.157,9.569,0.909,67.4,0.838,-0.157,0.875,0.837,0.299,4.33,3.04,0.1,1.18,0.02
Colombia,2018,5.984,9.579,0.871,67.7,0.851,-0.148,0.855,0.825,0.301,4.29,3.04,0.1,1.14,0.02
Comoros,2010,3.812,7.965,0.721,54.7,0.529,0.005,0.741,0.728,0.178,0.14,0.03,0.03,0.07,0
Comoros,2011,3.838,7.981,0.722,55.02,0.5,-0.075,0.732,0.667,0.173,0.11,0.02,0.04,0.05,0
Comoros,2012,3.956,7.988,0.719,55.34,0.534,-0.121,0.651,0.612,0.212,0.11,0.03,0.04,0.04,0
Comoros,2018,3.973,8.028,0.621,57.2,0.56,0.086,0.794,0.748,0.337,0.23,0.06,0.05,0.11,0
Costa Rica,2010,7.271,9.675,0.915,69.7,0.881,0.047,0.763,0.886,0.221,3.75,2.11,0.29,1.31,0.03
Costa Rica,2011,7.229,9.705,0.892,69.9,0.926,-0.033,0.837,0.876,0.269,3.58,2.12,0.31,1.12,0.03
Costa Rica,2012,7.272,9.74,0.902,70.1,0.929,0.046,0.794,0.897,0.263,3.51,2.22,0.31,0.96,0.03
Costa Rica,2013,7.158,9.751,0.902,70.3,0.898,0.018,0.813,0.85,0.278,3.6,2.23,0.32,1.02,0.03
Costa Rica,2014,7.247,9.775,0.914,70.5,0.927,0.01,0.788,0.837,0.29,3.64,2.27,0.35,0.99,0.02
Costa Rica,2015,6.854,9.799,0.878,70.7,0.907,-0.059,0.761,0.85,0.286,3.72,2.31,0.37,1.02,0.03
Costa Rica,2016,7.136,9.83,0.901,70.9,0.873,-0.032,0.781,0.874,0.281,3.77,2.38,0.37,1,0.02
Costa Rica,2017,7.225,9.858,0.922,71.1,0.936,-0.076,0.742,0.874,0.275,3.84,2.43,0.37,1.02,0.02
Costa Rica,2018,7.141,9.874,0.876,71.3,0.942,-0.107,0.781,0.87,0.326,3.79,2.43,0.36,0.98,0.02
Croatia,2010,5.596,10.091,0.796,67.9,0.564,-0.237,0.973,0.607,0.259,11.1,4.48,5.03,1.19,0.39
Croatia,2011,5.385,10.091,0.79,68,0.517,-0.198,0.977,0.598,0.273,11.4,4.73,5.08,1.21,0.39
Croatia,2012,6.028,10.072,0.776,68.1,0.542,-0.242,0.924,0.622,0.271,10.96,4.56,4.79,1.24,0.36
Croatia,2013,5.885,10.069,0.751,68.2,0.627,-0.204,0.936,0.59,0.285,10.76,4.62,4.52,1.28,0.34
Croatia,2014,5.381,10.072,0.646,68.3,0.519,0.132,0.918,0.596,0.286,9.87,4.26,3.95,1.33,0.33
Croatia,2015,5.205,10.104,0.768,68.4,0.694,-0.096,0.849,0.609,0.294,9.99,4.56,3.76,1.34,0.33
Croatia,2016,5.417,10.146,0.798,69,0.672,-0.065,0.884,0.614,0.337,10.39,4.63,4.08,1.35,0.33
Croatia,2017,5.343,10.189,0.77,69.6,0.716,-0.104,0.892,0.655,0.316,10.06,4.67,3.7,1.35,0.34
Croatia,2018,5.536,10.224,0.91,70.2,0.691,-0.151,0.925,0.582,0.29,10.1,4.67,3.72,1.36,0.35
Cyprus,2010,6.387,10.551,0.822,72.4,0.755,0.073,0.833,0.786,0.296,11.33,3.79,2.67,4.87,0
Cyprus,2011,6.69,10.53,0.844,72.54,0.745,0.18,0.841,0.763,0.272,10.71,3.54,2.56,4.61,0
Cyprus,2012,6.181,10.479,0.767,72.68,0.725,0.098,0.871,0.755,0.369,10.58,3.49,2.61,4.48,0
Cyprus,2013,5.439,10.414,0.744,72.82,0.656,0.102,0.867,0.748,0.42,9.07,3.32,2.49,3.26,0
Cyprus,2014,5.627,10.406,0.77,72.96,0.715,0.06,0.868,0.737,0.397,9.63,3.22,2.79,3.62,0
Cyprus,2015,5.439,10.445,0.77,73.1,0.628,0.114,0.893,0.747,0.383,9.59,2.85,2.72,4.02,0
Cyprus,2016,5.795,10.506,0.786,73.3,0.756,-0.03,0.898,0.742,0.336,9.59,2.85,2.72,4.02,0
Cyprus,2017,6.062,10.539,0.819,73.5,0.812,0.043,0.851,0.784,0.301,9.59,2.85,2.72,4.02,0
Cyprus,2018,6.276,10.567,0.826,73.7,0.794,-0.022,0.848,0.75,0.298,9.59,2.85,2.72,4.02,0
Denmark,2010,7.771,10.839,0.975,70.4,0.944,0.242,0.175,0.785,0.155,10.27,3.86,4.92,1.44,0.05
Denmark,2011,7.788,10.848,0.962,70.62,0.935,0.298,0.22,0.769,0.175,10.45,3.81,5.04,1.51,0.1
Denmark,2012,7.52,10.846,0.951,70.84,0.933,0.139,0.187,0.774,0.209,9.23,3.55,4.09,1.51,0.08
Denmark,2013,7.589,10.851,0.965,71.06,0.92,0.215,0.17,0.862,0.195,9.44,3.48,4.31,1.57,0.07
Denmark,2014,7.508,10.862,0.956,71.28,0.942,0.118,0.237,0.832,0.233,9.56,3.57,4.31,1.59,0.08
Denmark,2015,7.514,10.878,0.96,71.5,0.941,0.222,0.191,0.829,0.218,9.42,3.45,4.26,1.65,0.07
Denmark,2016,7.558,10.903,0.954,71.8,0.948,0.138,0.21,0.836,0.208,9.51,3.56,4.25,1.62,0.08
Denmark,2017,7.594,10.916,0.952,72.1,0.955,0.155,0.181,0.824,0.206,9.3,3.43,4.15,1.64,0.08
Denmark,2018,7.649,10.935,0.958,72.4,0.935,0.018,0.151,0.821,0.206,9.31,3.45,4.22,1.65,0
Djibouti,2010,5.006,7.812,,54.3,0.764,-0.058,0.597,,,0.49,0.23,0.03,0.23,0
Djibouti,2011,4.369,7.88,0.633,54.7,0.746,-0.057,0.519,0.579,0.181,0.39,0.13,0.04,0.22,0
Dominican Republic,2010,4.735,9.456,0.86,63.8,0.824,-0.075,0.78,0.787,0.282,5.54,2.66,0.2,2.61,0.07
Dominican Republic,2011,5.397,9.475,0.872,64.02,0.848,0.014,0.788,0.809,0.3,5.48,2.69,0.22,2.5,0.07
Dominican Republic,2012,4.753,9.489,0.879,64.24,0.84,-0.062,0.727,0.797,0.297,5.52,2.74,0.24,2.48,0.06
Dominican Republic,2013,5.016,9.525,0.878,64.46,0.889,0.021,0.752,0.793,0.295,5.53,2.77,0.26,2.43,0.06
Dominican Republic,2014,5.387,9.582,0.891,64.68,0.905,-0.02,0.76,0.798,0.3,5.47,2.78,0.31,2.33,0.06
Dominican Republic,2015,5.062,9.637,0.893,64.9,0.856,-0.065,0.755,0.714,0.295,5.59,2.83,0.36,2.34,0.07
Dominican Republic,2016,5.239,9.691,0.895,65.2,0.873,-0.08,0.737,0.76,0.278,5.55,2.87,0.34,2.28,0.05
Dominican Republic,2017,5.605,9.725,0.894,65.5,0.855,-0.121,0.76,0.739,0.275,5.6,2.97,0.33,2.24,0.05
Dominican Republic,2018,5.433,9.782,0.862,65.8,0.867,-0.15,0.762,0.745,0.291,5.54,2.97,0.33,2.18,0.06
Ecuador,2010,5.838,9.244,0.839,66.8,0.723,-0.063,0.806,0.826,0.22,4.28,2.68,0.37,1.21,0.02
Ecuador,2011,5.795,9.304,0.818,66.96,0.788,-0.155,0.702,0.862,0.271,4.21,2.78,0.26,1.15,0.01
Ecuador,2012,5.961,9.344,0.785,67.12,0.825,-0.084,0.73,0.847,0.333,4.12,2.88,0.26,0.96,0.02
Ecuador,2013,6.019,9.377,0.801,67.28,0.787,-0.191,0.646,0.851,0.267,3.98,2.96,0.25,0.75,0.02
Ecuador,2014,5.946,9.399,0.831,67.44,0.719,-0.167,0.661,0.859,0.306,3.98,3,0.25,0.72,0.02
Ecuador,2015,5.964,9.384,0.856,67.6,0.801,-0.114,0.666,0.851,0.323,3.88,3,0.23,0.62,0.02
Ecuador,2016,6.115,9.355,0.842,67.9,0.846,-0.015,0.774,0.846,0.365,3.34,2.53,0.23,0.55,0.02
Ecuador,2017,5.84,9.36,0.849,68.2,0.879,-0.167,0.734,0.829,0.314,3.08,2.3,0.23,0.53,0.03
Ecuador,2018,6.128,9.355,0.851,68.5,0.869,-0.099,0.831,0.876,0.328,3.16,2.3,0.23,0.6,0.03
Egypt,2010,4.669,9.244,0.769,60,0.486,-0.076,0.826,0.567,0.276,0.2,0.11,0.01,0.07,0
Egypt,2011,4.174,9.24,0.753,60.16,0.59,-0.151,0.859,0.529,0.353,0.19,0.11,0.01,0.06,0
Egypt,2012,4.204,9.24,0.737,60.32,0.452,-0.138,0.88,0.527,0.398,0.19,0.11,0.01,0.07,0
Egypt,2013,3.559,9.239,0.675,60.48,0.474,-0.141,0.913,0.551,0.483,0.19,0.11,0.01,0.06,0
Egypt,2014,4.885,9.245,0.619,60.64,0.578,-0.126,0.749,0.543,0.327,0.19,0.11,0.01,0.07,0
Egypt,2015,4.763,9.266,0.73,60.8,0.659,-0.089,0.684,0.61,0.344,0.18,0.11,0.01,0.06,0
Egypt,2016,4.557,9.287,0.809,61.1,0.656,-0.141,0.818,0.611,0.37,0.15,0.09,0.01,0.04,0
Egypt,2017,3.929,9.307,0.638,61.4,0.593,-0.152,,0.539,0.414,0.13,0.08,0.01,0.04,0
Egypt,2018,4.005,9.338,0.759,61.7,0.682,-0.215,,0.492,0.285,0.13,0.08,0.01,0.04,0
El Salvador,2010,6.74,8.9,0.757,64.2,0.669,-0.064,0.694,0.814,0.302,2.29,0.92,0.04,1.33,0
El Salvador,2011,4.741,8.933,0.731,64.4,0.747,-0.126,0.707,0.875,0.336,2.31,0.93,0.04,1.33,0.01
El Salvador,2012,5.934,8.956,0.806,64.6,0.683,-0.155,0.786,0.831,0.365,2.41,1,0.05,1.36,0.01
El Salvador,2013,6.325,8.974,0.827,64.8,0.716,-0.15,0.772,0.828,0.317,2.34,1.04,0.05,1.25,0.01
El Salvador,2014,5.857,8.986,0.798,65,0.778,-0.194,0.781,0.837,0.33,2.45,1.07,0.05,1.32,0.01
El Salvador,2015,6.018,9.005,0.791,65.2,0.733,-0.156,0.805,0.826,0.333,2.54,1.16,0.05,1.33,0.01
El Salvador,2016,6.14,9.025,0.794,65.5,0.8,-0.185,0.797,0.761,0.346,2.64,1.27,0.05,1.32,0.01
El Salvador,2017,6.339,9.042,0.829,65.8,0.758,-0.172,0.778,0.849,0.268,2.81,1.39,0.05,1.37,0.01
El Salvador,2018,6.241,9.061,0.82,66.1,0.863,-0.095,0.801,0.86,0.27,2.82,1.39,0.05,1.38,0.01
Estonia,2011,5.487,10.248,0.909,66.96,0.735,-0.168,0.687,0.651,0.205,16.18,5.65,1.82,6.9,1.81
Estonia,2012,5.364,10.282,0.889,67.22,0.697,-0.192,0.793,0.647,0.199,16.91,5.84,1.98,7.11,1.97
Estonia,2013,5.367,10.299,0.901,67.48,0.754,-0.201,0.726,0.702,0.199,17.77,5.9,2.14,7.47,2.26
Estonia,2014,5.556,10.331,0.917,67.74,0.773,-0.153,0.652,0.68,0.203,17.35,5.88,2.14,7.11,2.22
Estonia,2015,5.629,10.348,0.918,68,0.815,-0.164,0.569,0.723,0.183,16.7,5.71,2.21,6.82,1.96
Estonia,2016,5.65,10.374,0.938,68.2,0.843,-0.149,0.639,0.726,0.177,15.95,5.5,2.32,6.29,1.83
Estonia,2017,5.938,10.429,0.936,68.4,0.862,-0.101,0.668,0.805,0.16,13.27,4.77,2.15,4.89,1.46
Estonia,2018,6.091,10.472,0.933,68.6,0.886,-0.141,0.621,0.795,0.163,11.2,3.58,1.89,4.62,1.11
Ethiopia,2012,4.561,7.271,0.659,55.2,0.776,-0.044,,0.668,0.137,0.44,0.41,0.02,0.01,0
Ethiopia,2013,4.445,7.343,0.602,55.8,0.707,-0.008,0.75,0.643,0.213,0.46,0.43,0.02,0.01,0
Ethiopia,2014,4.507,7.413,0.64,56.4,0.694,0.08,0.702,0.738,0.303,0.53,0.5,0.02,0.01,0
Ethiopia,2015,4.573,7.484,0.626,57,0.803,0.113,0.567,0.714,0.237,0.62,0.58,0.02,0.01,0
Ethiopia,2016,4.298,7.547,0.719,57.5,0.744,0.038,0.703,0.727,0.254,0.86,0.82,0.02,0.01,0
Ethiopia,2017,4.18,7.612,0.734,58,0.717,0.001,0.757,0.609,0.304,0.95,0.92,0.02,0.01,0
Ethiopia,2018,4.379,7.651,0.74,58.5,0.74,0.039,0.799,0.66,0.272,0.95,0.92,0.02,0.01,0
Finland,2010,7.393,10.734,0.935,70.4,0.916,0.091,0.413,0.832,0.202,9.72,4.47,1.86,1.5,1.89
Finland,2011,7.354,10.754,0.938,70.64,0.936,0.101,0.32,0.773,0.205,9.81,4.61,1.89,1.44,1.87
Finland,2012,7.42,10.735,0.928,70.88,0.921,-0.001,0.361,0.796,0.202,9.27,4.27,1.89,1.38,1.74
Finland,2013,7.445,10.722,0.941,71.12,0.919,0.04,0.306,0.769,0.195,9.08,4.28,1.84,1.3,1.65
Finland,2014,7.385,10.714,0.952,71.36,0.933,-0.001,0.265,0.784,0.199,8.76,4.17,1.8,1.24,1.54
Finland,2015,7.448,10.716,0.948,71.6,0.93,0.111,0.223,0.751,0.191,8.52,4.13,1.75,1.18,1.45
Finland,2016,7.66,10.74,0.954,71.7,0.948,-0.027,0.25,0.797,0.182,8.44,4.11,1.74,1.15,1.43
Finland,2017,7.788,10.768,0.964,71.8,0.962,-0.002,0.192,0.787,0.176,8.37,4.04,1.75,1.14,1.44
Finland,2018,7.858,10.783,0.962,71.9,0.938,-0.127,0.199,0.782,0.182,8.37,3.97,1.72,1.1,1.58
France,2010,6.798,10.654,0.943,72.2,0.85,-0.104,0.623,0.79,0.261,12.3,2.18,7.27,2.65,0.2
France,2011,6.959,10.671,0.921,72.4,0.903,-0.102,0.627,0.781,0.281,12.35,2.1,7.41,2.64,0.2
France,2012,6.649,10.669,0.937,72.6,0.841,-0.149,0.608,0.754,0.253,12.22,2.15,7.33,2.54,0.2
France,2013,6.667,10.669,0.908,72.8,0.878,-0.125,0.699,0.8,0.205,11.73,1.8,7.13,2.5,0.3
France,2014,6.467,10.674,0.878,73,0.803,-0.118,0.656,0.811,0.216,12.07,2.26,7.04,2.47,0.3
France,2015,6.358,10.682,0.896,73.2,0.817,-0.139,0.641,0.786,0.215,11.87,2.16,7.09,2.42,0.2
France,2016,6.475,10.69,0.885,73.4,0.787,-0.091,0.623,0.773,0.27,11.74,2.21,6.9,2.43,0.2
France,2017,6.635,10.711,0.931,73.6,0.834,-0.123,0.601,0.762,0.242,11.69,2.3,6.79,2.41,0.19
France,2018,6.666,10.727,0.921,73.8,0.816,-0.138,0.582,0.767,0.282,11.24,2.43,6.29,2.35,0.17
Gabon,2011,4.255,9.608,0.653,55.48,0.772,-0.211,0.851,0.591,0.264,7.9,5.28,1.09,1.46,0.07
Gabon,2012,3.972,9.621,0.736,56.16,0.566,-0.195,0.81,0.47,0.266,7.41,5.24,0.89,1.19,0.09
Gabon,2013,3.8,9.638,0.733,56.84,0.682,-0.146,0.78,0.51,0.287,7.6,5.52,0.82,1.15,0.1
Gabon,2014,3.918,9.644,0.829,57.52,0.607,-0.198,0.782,0.539,0.293,8.24,6.39,0.73,1.03,0.09
Gabon,2015,4.661,9.649,0.756,58.2,0.671,-0.194,0.867,0.626,0.372,8.15,6.37,0.77,0.93,0.08
Gabon,2016,4.832,9.639,0.78,58.7,0.699,-0.204,0.817,0.64,0.432,7.5,5.87,0.77,0.79,0.07
Gabon,2017,4.782,9.616,0.807,59.2,0.652,-0.228,0.868,0.634,0.446,7.19,5.66,0.77,0.7,0.05
Gabon,2018,4.783,9.599,0.785,59.7,0.719,-0.197,0.823,0.641,0.418,7.16,5.66,0.77,0.68,0.05
Gambia,2017,4.118,7.637,0.697,54.7,0.812,0.111,0.572,0.838,0.277,2.8,0.14,0.02,0,2.64
Gambia,2018,4.922,7.671,0.685,55,0.719,0.44,0.691,0.804,0.379,2.8,0.14,0.02,0,2.64
Georgia,2010,4.102,9.184,0.54,64.8,0.558,-0.248,0.46,0.502,0.243,7.53,1.42,3.16,2.94,0
Georgia,2011,4.203,9.263,0.503,64.86,0.632,-0.255,0.353,0.515,0.247,8.12,1.95,3.19,2.98,0
Georgia,2012,4.254,9.332,0.533,64.92,0.659,-0.269,0.321,0.559,0.25,7.12,1.28,2.75,3.09,0.01
Georgia,2013,4.349,9.371,0.559,64.98,0.722,-0.254,0.349,0.595,0.2,6.7,1.38,2.25,3.05,0.01
Georgia,2014,4.288,9.414,0.558,65.04,0.72,-0.233,0.416,0.57,0.204,6.86,1.39,2.37,3.09,0.01
Georgia,2015,4.122,9.442,0.517,65.1,0.64,-0.205,0.502,0.547,0.233,7.52,1.41,3.1,3,0.02
Georgia,2016,4.448,9.47,0.533,64.9,0.606,-0.249,0.561,0.564,0.223,7.51,1.41,3.29,2.79,0.02
Georgia,2017,4.451,9.517,0.59,64.7,0.821,-0.244,0.59,0.581,0.21,5.83,1.64,1.53,2.65,0.02
Georgia,2018,4.659,9.565,0.617,64.5,0.775,-0.233,0.755,0.573,0.244,5.44,1.64,1.15,2.63,0.02
Germany,2010,6.725,10.756,0.939,70.9,0.843,0.095,0.688,0.794,0.182,11.21,6.21,3.22,2.15,0
Germany,2011,6.621,10.813,0.947,70.98,0.906,0.033,0.677,0.794,0.165,11.32,6.01,3.24,2.08,0
Germany,2012,6.702,10.816,0.926,71.06,0.904,0.071,0.679,0.804,0.17,11.31,6,3.23,2.08,0
Germany,2013,6.965,10.817,0.931,71.14,0.894,0.024,0.566,0.743,0.205,11.07,5.88,3.11,2.07,0
Germany,2014,6.984,10.835,0.938,71.22,0.899,0.088,0.474,0.785,0.188,11.06,5.87,3.11,2.07,0
Germany,2015,7.037,10.844,0.926,71.3,0.889,0.178,0.412,0.765,0.203,11.05,5.87,3.11,2.07,0
Germany,2016,6.874,10.858,0.906,71.6,0.871,0.148,0.446,0.738,0.187,10.93,5.75,3.11,2.07,0
Germany,2017,7.074,10.878,0.892,71.9,0.841,0.145,0.414,0.737,0.196,10.81,5.64,3.11,2.07,0
Germany,2018,7.118,10.89,0.92,72.2,0.877,0.034,0.496,0.78,0.243,10.81,5.64,3.11,2.07,0
Ghana,2010,4.606,8.225,0.739,54.1,0.891,0.074,0.875,0.783,0.184,1.73,0.48,0.18,0.36,0.72
Ghana,2011,5.608,8.332,0.724,54.48,0.852,0.011,0.79,0.744,0.209,1.84,0.48,0.21,0.38,0.77
Ghana,2012,5.057,8.397,0.685,54.86,0.679,0.04,0.898,0.76,0.152,1.91,0.44,0.24,0.41,0.82
Ghana,2013,4.965,8.445,0.676,55.24,0.794,-0.065,0.88,0.691,0.211,1.89,0.43,0.15,0.44,0.87
Ghana,2014,3.86,8.45,0.651,55.62,0.677,0.001,0.913,0.696,0.28,1.88,0.46,0.08,0.58,0.76
Ghana,2015,3.986,8.449,0.687,56,0.852,-0.038,0.945,0.69,0.265,1.84,0.47,0.1,0.55,0.72
Ghana,2016,4.514,8.46,0.647,56.4,0.751,0.09,0.894,0.668,0.305,1.62,0.48,0,0.47,0.66
Ghana,2017,5.481,8.517,0.669,56.8,0.783,0.079,0.839,0.703,0.248,1.67,0.49,0,0.43,0.75
Ghana,2018,5.004,8.555,0.761,57.2,0.817,0.062,0.846,0.747,0.25,1.56,0.49,0,0.42,0.65
Greece,2010,5.84,10.433,0.868,71.5,0.484,-0.303,0.954,0.634,0.292,8.2,2.2,4.08,1.8,0.12
Greece,2011,5.372,10.339,0.852,71.56,0.528,-0.316,0.941,0.591,0.323,7.34,2.06,3.59,1.59,0.09
Greece,2012,5.096,10.268,0.812,71.62,0.373,-0.305,0.959,0.581,0.352,7.5,2.07,3.88,1.46,0.09
Greece,2013,4.72,10.243,0.687,71.68,0.426,-0.272,0.941,0.689,0.482,7.44,2.07,3.81,1.47,0.09
Greece,2014,4.756,10.257,0.832,71.74,0.369,-0.288,0.93,0.695,0.385,6.96,2.04,3.37,1.46,0.08
Greece,2015,5.623,10.259,0.835,71.8,0.532,-0.272,0.824,0.74,0.277,6.57,2,3.08,1.41,0.08
Greece,2016,5.303,10.261,0.803,72,0.482,-0.26,0.898,0.701,0.336,6.37,2.05,2.84,1.4,0.09
Greece,2017,5.148,10.278,0.753,72.2,0.438,-0.29,0.872,0.603,0.333,6.4,1.99,2.88,1.44,0.09
Greece,2018,5.409,10.299,0.794,72.4,0.564,-0.335,0.86,0.666,0.255,6.1,1.99,2.63,1.4,0.09
Guatemala,2010,6.29,8.901,0.859,62.1,0.696,0.166,0.795,0.85,0.236,2.02,0.83,0.03,1.16,0.01
Guatemala,2011,5.743,8.923,0.768,62.46,0.763,0.009,0.863,0.844,0.289,2.04,0.86,0.03,1.14,0.01
Guatemala,2012,5.856,8.935,0.802,62.82,0.865,0.02,0.821,0.863,0.349,1.9,0.93,0.03,0.94,0.01
Guatemala,2013,5.985,8.953,0.83,63.18,0.884,0.045,0.817,0.867,0.333,1.82,0.93,0.03,0.85,0.01
Guatemala,2014,6.536,8.98,0.834,63.54,0.843,0.108,0.804,0.835,0.305,1.68,0.94,0.03,0.7,0.01
Guatemala,2015,6.465,9.003,0.823,63.9,0.869,0.051,0.822,0.851,0.311,1.64,0.9,0.03,0.69,0.01
Guatemala,2016,6.359,9.013,0.811,64.2,0.863,0.011,0.812,0.846,0.321,1.59,0.91,0.03,0.65,0.01
Guatemala,2017,6.325,9.026,0.826,64.5,0.915,-0.059,0.8,0.846,0.308,1.6,0.9,0.03,0.66,0.01
Guatemala,2018,6.627,9.042,0.841,64.8,0.91,-0.01,0.765,0.871,0.262,1.62,0.9,0.03,0.68,0.01
Guinea,2011,4.045,7.567,0.598,50.22,0.797,0.041,0.743,0.701,0.26,0.22,0.19,0.02,0.01,0
Guinea,2012,3.652,7.603,0.542,50.44,0.646,0.001,0.794,0.677,0.285,0.23,0.2,0.03,0.01,0
Guinea,2013,3.902,7.619,0.567,50.66,0.693,0.091,0.815,0.6,0.348,0.24,0.2,0.03,0.01,0
Guinea,2014,3.412,7.632,0.638,50.88,0.684,0.006,0.705,0.629,0.351,0.31,0.27,0.03,0.01,0
Guinea,2015,3.505,7.645,0.579,51.1,0.666,0.007,0.762,0.667,0.268,0.37,0.32,0.03,0.01,0
Guinea,2016,3.603,7.721,0.675,52.2,0.726,-0.056,0.803,0.687,0.374,0.35,0.3,0.03,0.01,0
Guinea,2017,4.874,7.792,0.634,53.3,0.738,0.038,0.75,0.704,0.422,0.31,0.27,0.03,0.01,0
Guinea,2018,5.252,7.823,0.63,54.4,0.731,0.092,0.778,0.744,0.44,0.31,0.27,0.03,0.01,0
Haiti,2010,3.766,7.384,0.554,32.3,0.373,0.216,0.848,0.555,0.293,2.32,0.11,0.07,2.13,0.01
Haiti,2011,4.845,7.423,0.567,36.86,0.413,0.243,0.682,0.625,0.245,2.4,0.12,0.08,2.19,0.01
Haiti,2012,4.413,7.437,0.749,41.42,0.482,0.289,0.717,0.593,0.284,2.47,0.13,0.08,2.26,0.01
Haiti,2013,4.622,7.464,0.648,45.98,0.61,0.289,0.669,0.538,0.327,2.88,0.13,0.08,2.67,0.01
Haiti,2014,3.889,7.477,0.554,50.54,0.509,0.285,0.708,0.593,0.327,2.69,0.13,0.08,2.47,0.01
Haiti,2015,3.57,7.476,0.564,55.1,0.398,0.306,0.777,0.619,0.333,2.67,0.13,0.08,2.45,0.01
Haiti,2016,3.352,7.477,0.584,55.3,0.304,0.291,0.839,0.553,0.367,2.72,0.13,0.08,2.5,0.01
Haiti,2017,3.824,7.475,0.647,55.5,0.484,0.381,0.647,0.573,0.322,2.8,0.13,0.1,2.56,0.01
Haiti,2018,3.615,7.477,0.538,55.7,0.591,0.422,0.72,0.584,0.359,2.74,0.13,0.1,2.51,0.01
Honduras,2010,5.866,8.49,0.803,65.5,0.646,0.105,0.82,0.797,0.26,2.69,1.08,0.03,1.59,0
Honduras,2011,4.961,8.508,0.766,65.72,0.783,0.095,0.884,0.816,0.307,2.72,1.12,0.03,1.56,0
Honduras,2012,4.602,8.53,0.779,65.94,0.7,-0.003,0.871,0.847,0.294,2.7,1.13,0.03,1.54,0
Honduras,2013,4.713,8.54,0.792,66.16,0.698,-0.027,0.868,0.817,0.283,2.69,1.14,0.02,1.52,0
Honduras,2014,5.056,8.552,0.79,66.38,0.696,0.015,0.834,0.82,0.299,2.43,1.14,0.02,1.26,0
Honduras,2015,4.845,8.572,0.772,66.6,0.534,-0.097,0.848,0.863,0.311,2.51,1.22,0.03,1.25,0
Honduras,2016,5.648,8.593,0.774,66.8,0.85,0.08,0.793,0.832,0.297,2.54,1.34,0.02,1.17,0
Honduras,2017,6.02,8.624,0.843,67,0.898,0.072,0.783,0.842,0.248,2.68,1.49,0.02,1.16,0
Honduras,2018,5.908,8.643,0.827,67.2,0.872,0.099,0.804,0.872,0.287,2.73,1.49,0.02,1.21,0
Hungary,2010,4.725,10.106,0.896,65.6,0.514,-0.145,0.983,0.656,0.235,10.7,3.9,3.16,3.64,0
Hungary,2011,4.918,10.127,0.894,65.76,0.631,-0.089,0.94,0.642,0.305,11.37,4.05,3.51,3.81,0
Hungary,2012,4.683,10.117,0.906,65.92,0.569,-0.136,0.93,0.652,0.315,11.13,4.08,3.19,3.86,0
Hungary,2013,4.914,10.14,0.877,66.08,0.674,-0.113,0.912,0.706,0.307,10.73,3.78,3.2,3.74,0
Hungary,2014,5.181,10.183,0.845,66.24,0.494,-0.15,0.855,0.651,0.238,10.92,3.9,2.93,4.09,0
Hungary,2015,5.344,10.223,0.859,66.4,0.558,-0.198,0.908,0.707,0.245,10.95,3.92,3.4,3.62,0
Hungary,2016,5.449,10.248,0.9,66.8,0.554,-0.187,0.924,0.666,0.243,11.28,3.93,3.61,3.74,0
Hungary,2017,6.065,10.293,0.877,67.2,0.661,-0.139,0.886,0.735,0.181,10.79,3.96,3.33,3.5,0
Hungary,2018,5.936,10.344,0.941,67.6,0.693,-0.243,0.911,0.676,0.201,10.79,3.96,3.33,3.5,0
Iceland,2012,7.591,10.777,0.979,72.76,0.905,0.241,0.759,0.9,0.157,6.82,3.77,1.95,1.1,0
Iceland,2013,7.501,10.809,0.967,72.84,0.923,0.306,0.713,0.87,0.156,6.8,3.74,1.96,1.1,0
Iceland,2015,7.498,10.854,0.98,73,0.94,0.301,0.639,0.849,0.18,7.66,4.26,2.15,1.25,0
Iceland,2016,7.51,10.904,0.985,73,0.952,0.281,0.719,0.874,0.158,7.5,4.24,2.09,1.16,0
Iceland,2017,7.476,10.925,0.967,73,0.939,0.246,0.727,0.895,0.148,7.75,4.42,2.14,1.19,0
India,2010,4.989,8.349,0.605,57.4,0.783,0.058,0.863,0.697,0.267,2.74,0.17,0,2.57,0
India,2011,4.635,8.387,0.553,57.7,0.838,-0.038,0.908,0.648,0.232,2.96,0.18,0,2.78,0
India,2012,4.72,8.428,0.511,58,0.609,0.067,0.83,0.629,0.295,3.06,0.19,0,2.87,0
India,2013,4.428,8.478,0.553,58.3,0.74,0.084,0.832,0.68,0.33,3.05,0.2,0,2.85,0
India,2014,4.424,8.538,0.621,58.6,0.809,-0.026,0.832,0.711,0.285,3.01,0.2,0,2.81,0
India,2015,4.342,8.604,0.61,58.9,0.777,-0.005,0.776,0.701,0.322,3.01,0.21,0,2.8,0
India,2016,4.179,8.673,0.614,59.3,0.82,0.046,0.765,0.695,0.346,2.97,0.23,0,2.74,0
India,2017,4.046,8.73,0.607,59.7,0.886,-0.042,0.781,0.682,0.318,2.86,0.22,0,2.64,0
India,2018,3.818,8.779,0.638,60.1,0.89,0.085,0.805,0.657,0.357,3.05,0.22,0,2.83,0
Indonesia,2010,5.457,9.022,0.816,60.4,0.7,0.448,0.954,0.837,0.218,0.08,0.06,0,0.01,0
Indonesia,2011,5.173,9.069,0.825,60.62,0.878,0.438,0.962,0.864,0.273,0.08,0.06,0,0.01,0
Indonesia,2012,5.368,9.114,0.834,60.84,0.77,0.354,0.962,0.897,0.229,0.08,0.06,0,0.01,0
Indonesia,2013,5.292,9.155,0.794,61.06,0.781,0.376,0.973,0.893,0.249,0.09,0.07,0,0.01,0
Indonesia,2014,5.597,9.19,0.905,61.28,0.719,0.408,0.97,0.852,0.242,0.09,0.07,0,0.01,0
Indonesia,2015,5.043,9.225,0.809,61.5,0.779,0.471,0.946,0.876,0.274,0.08,0.06,0,0.01,0
Indonesia,2016,5.136,9.262,0.792,61.7,0.83,0.5,0.89,0.833,0.342,0.08,0.07,0,0.01,0
Indonesia,2017,5.098,9.3,0.796,61.9,0.865,0.488,0.9,0.863,0.319,0.08,0.06,0,0.01,0
Indonesia,2018,5.34,9.339,0.809,62.1,0.879,0.512,0.868,0.864,0.296,0.08,0.06,0,0.01,0
Iraq,2010,5.065,9.112,0.854,59.6,0.419,-0.125,0.859,0.542,0.431,0.19,0.14,0,0.04,0
Iraq,2011,4.725,9.152,0.751,59.36,0.347,-0.07,0.78,0.488,0.557,0.18,0.12,0.01,0.05,0
Iraq,2012,4.66,9.246,0.73,59.12,0.315,-0.02,0.789,0.423,0.449,0.2,0.14,0.01,0.05,0
Iraq,2013,4.725,9.28,0.728,58.88,,-0.05,0.71,,0.554,0.17,0.12,0.01,0.04,0
Iraq,2014,4.542,9.25,0.725,58.64,0.646,-0.001,0.726,0.574,0.564,0.15,0.1,0.01,0.04,0
Iraq,2015,4.493,9.241,0.684,58.4,0.599,0.019,0.762,0.49,0.581,0.14,0.09,0,0.05,0
Iraq,2016,4.413,9.354,0.719,59,0.666,-0.052,0.799,0.489,0.57,0.16,0.11,0,0.05,0
Iraq,2017,4.462,9.303,0.695,59.6,0.628,0,0.757,0.505,0.591,0.17,0.12,0,0.04,0
Iraq,2018,4.886,9.274,0.764,60.2,0.598,-0.068,0.887,0.605,0.482,0.17,0.12,0,0.05,0
Ireland,2010,7.257,10.879,0.973,71.5,0.856,0.348,0.618,0.876,0.201,11.38,5.48,2.86,2.13,0.9
Ireland,2011,7.007,10.878,0.977,71.6,0.952,0.383,0.59,0.865,0.19,11.3,5.31,2.91,2.19,0.9
Ireland,2012,6.965,10.876,0.962,71.7,0.902,0.302,0.573,0.835,0.237,11.2,5.23,2.86,2.24,0.87
Ireland,2013,6.76,10.884,0.955,71.8,0.884,0.331,0.558,0.814,0.245,10.35,4.92,2.61,1.98,0.84
Ireland,2014,7.018,10.959,0.968,71.9,0.922,0.264,0.406,0.784,0.229,10.73,5.12,2.79,1.96,0.85
Ireland,2015,6.83,11.174,0.953,72,0.892,0.233,0.409,0.799,0.225,10.68,5.04,2.85,2,0.79
Ireland,2016,7.041,11.199,0.958,72.1,0.875,0.174,0.399,0.809,0.211,11.22,5.19,3.01,2.16,0.85
Ireland,2017,7.06,11.266,0.943,72.2,0.905,0.216,0.337,0.833,0.213,11.12,5.04,2.99,2.22,0.86
Ireland,2018,6.962,11.332,0.938,72.3,0.861,0.144,0.362,0.811,0.213,11.2,5.12,2.9,2.32,0.85
Israel,2010,7.359,10.461,0.882,72.4,0.561,0.15,0.902,0.679,0.362,2.74,1.32,0.13,1.24,0.06
Israel,2011,7.433,10.489,0.893,72.46,0.722,0.141,0.891,0.738,0.384,2.78,1.38,0.13,1.21,0.05
Israel,2012,7.111,10.493,0.903,72.52,0.681,0.153,0.862,0.665,0.319,2.85,1.43,0.12,1.25,0.05
Israel,2013,7.321,10.515,0.909,72.58,0.739,0.15,0.849,0.698,0.409,2.87,1.51,0.1,1.21,0.05
Israel,2014,7.401,10.533,0.889,72.64,0.707,0.094,0.818,0.604,0.271,2.69,1.52,0.07,1.05,0.04
Israel,2015,7.079,10.536,0.864,72.7,0.753,0.108,0.789,0.697,0.256,2.71,1.56,0.07,1.04,0.04
Israel,2016,7.159,10.555,0.89,72.9,0.772,0.153,0.804,0.629,0.263,2.69,1.5,0.07,1.09,0.04
Israel,2017,7.331,10.57,0.916,73.1,0.768,0.145,0.793,0.674,0.276,2.98,1.74,0.07,1.13,0.04
Israel,2018,6.927,10.585,0.91,73.3,0.725,0.055,0.77,0.663,0.282,2.99,1.74,0.07,1.13,0.04
Italy,2010,6.354,10.666,0.872,72.8,0.738,-0.06,0.921,0.596,0.236,6.95,1.66,4.45,0.84,0
Italy,2011,6.057,10.671,0.913,72.84,0.568,-0.018,0.933,0.658,0.266,6.97,1.69,4.45,0.84,0
Italy,2012,5.839,10.638,0.869,72.88,0.57,0.113,0.908,0.67,0.388,7.48,1.7,4.99,0.79,0
Italy,2013,6.009,10.608,0.916,72.92,0.499,-0.102,0.943,0.779,0.357,7.34,1.7,4.85,0.79,0
Italy,2014,6.027,10.599,0.898,72.96,0.624,-0.065,0.92,0.716,0.356,7.33,1.69,4.85,0.79,0
Italy,2015,5.848,10.608,0.909,73,0.575,-0.064,0.913,0.692,0.329,7.14,1.79,4.62,0.74,0
Italy,2016,5.955,10.622,0.927,73.2,0.624,-0.081,0.903,0.685,0.339,7.1,1.82,4.58,0.69,0
Italy,2017,6.199,10.64,0.92,73.4,0.633,-0.035,0.867,0.661,0.323,7.37,1.88,4.71,0.79,0
Italy,2018,6.517,10.65,0.913,73.6,0.65,-0.021,0.888,0.649,0.403,7.81,1.94,5.08,0.79,0
Jamaica,2011,5.374,9.164,0.855,66.22,0.796,-0.064,0.909,0.836,0.237,3.35,1,0.47,1.75,0.13
Jamaica,2013,5.709,9.151,0.865,66.46,0.793,-0.021,0.931,0.734,0.312,3.44,1.03,0.42,1.84,0.15
Jamaica,2014,5.311,9.152,0.874,66.58,0.809,-0.001,0.861,0.737,0.31,3.42,1.06,0.39,1.81,0.17
Jamaica,2017,5.89,9.169,0.913,67.1,0.861,-0.13,0.883,0.769,0.243,3.47,1.24,0.35,1.57,0.3
Japan,2010,6.057,10.532,0.902,73.8,0.772,-0.14,0.77,0.827,0.188,6.88,1.36,0.25,2.61,2.66
Japan,2011,6.263,10.532,0.917,73.98,0.814,-0.052,0.734,0.776,0.181,6.86,1.35,0.25,2.6,2.65
Japan,2012,5.968,10.549,0.905,74.16,0.753,,0.692,0.777,0.171,6.83,1.35,0.25,2.59,2.64
Japan,2013,5.959,10.57,0.924,74.34,0.821,-0.147,0.65,0.794,0.175,6.96,1.38,0.25,2.64,2.69
Japan,2014,5.923,10.575,0.9,74.52,0.838,-0.139,0.617,0.742,0.189,6.71,1.33,0.25,2.54,2.6
Japan,2015,5.88,10.588,0.923,74.7,0.832,-0.155,0.654,0.768,0.176,6.85,1.35,0.25,2.6,2.65
Japan,2016,5.955,10.595,0.9,74.8,0.836,-0.062,0.698,0.76,0.192,6.82,1.35,0.25,2.58,2.64
Japan,2017,5.911,10.618,0.882,74.9,0.849,-0.206,0.659,0.74,0.176,6.8,1.34,0.25,2.58,2.63
Japan,2018,5.794,10.623,0.886,75,0.773,-0.261,0.687,0.703,0.185,6.82,1.35,0.25,2.59,2.64
Jordan,2010,5.57,9.317,0.918,64.7,0.788,-0.046,,0.643,0.343,0.48,0.09,0.02,0.36,0.01
Jordan,2011,5.539,9.289,0.878,65,0.76,-0.143,,0.612,0.26,0.4,0.04,0.02,0.33,0.01
Jordan,2012,5.132,9.261,0.829,65.3,0.693,-0.16,,0.565,0.345,0.38,0.05,0.02,0.31,0.01
Jordan,2013,5.172,9.237,0.84,65.6,0.692,-0.117,,0.684,0.286,0.37,0.05,0.02,0.29,0.01
Jordan,2014,5.333,9.222,0.816,65.9,0.729,-0.104,,0.66,0.313,0.37,0.06,0.02,0.29,0.01
Jordan,2015,5.405,9.207,0.83,66.2,0.767,-0.046,,0.69,0.305,0.32,0.05,0.02,0.24,0.01
Jordan,2016,5.271,9.197,0.82,66.4,0.771,-0.038,,0.641,0.312,0.32,0.07,0.02,0.22,0
Jordan,2017,4.808,9.194,0.815,66.6,0.766,-0.152,,0.628,0.392,0.3,0.06,0.02,0.22,0
Jordan,2018,4.639,9.196,0.8,66.8,0.762,-0.186,,,,0.28,0.06,0.02,0.2,0
Kazakhstan,2010,5.514,9.94,0.904,60.2,0.785,-0.215,0.823,0.692,0.149,3.9,1.99,0.07,1.84,0
Kazakhstan,2011,5.736,9.997,0.905,60.72,0.878,-0.235,0.802,0.695,0.154,3.38,1.69,0.05,1.64,0
Kazakhstan,2012,5.759,10.03,0.892,61.24,0.84,-0.171,0.877,0.74,0.184,3.69,1.89,0.05,1.75,0
Kazakhstan,2013,5.835,10.074,0.889,61.76,0.782,-0.229,0.82,0.674,0.164,3.76,1.8,0.06,1.9,0
Kazakhstan,2014,5.97,10.101,0.795,62.28,0.799,0.004,0.805,0.718,0.169,3.61,1.9,0.07,1.55,0.09
Kazakhstan,2015,5.95,10.098,0.931,62.8,0.74,-0.037,0.714,0.73,0.174,3.3,1.83,0.09,1.38,0
Kazakhstan,2016,5.534,10.095,0.928,63.4,0.783,-0.036,0.702,0.702,0.155,3.55,1.94,0.1,1.51,0
Kazakhstan,2017,5.882,10.121,0.914,64,0.745,-0.035,0.755,0.757,0.171,3.66,2.15,0.16,1.35,0
Kazakhstan,2018,6.008,10.148,0.937,64.6,0.84,-0.098,0.824,0.693,0.162,3.66,2.15,0.16,1.35,0
Kenya,2010,4.256,8.111,0.805,55.5,0.635,0.019,0.918,0.819,0.123,1.55,0.96,0.03,0.56,0.01
Kenya,2011,4.405,8.143,0.846,56.06,0.709,0.022,0.923,0.76,0.228,1.51,0.91,0.03,0.56,0.01
Kenya,2012,4.547,8.161,0.831,56.62,0.628,0.066,0.911,0.707,0.194,1.53,0.94,0.03,0.55,0.01
Kenya,2013,3.795,8.192,0.825,57.18,0.708,0.212,0.861,0.765,0.161,1.57,0.9,0.04,0.62,0.01
Kenya,2014,4.905,8.219,0.765,57.74,0.819,0.172,0.849,0.814,0.221,1.38,0.62,0.03,0.72,0.01
Kenya,2015,4.358,8.249,0.777,58.3,0.793,0.221,0.853,0.702,0.172,1.53,0.72,0.03,0.77,0.01
Kenya,2016,4.396,8.282,0.706,58.9,0.749,0.298,0.828,0.743,0.226,1.63,0.77,0.03,0.81,0.01
Kenya,2017,4.476,8.306,0.715,59.5,0.853,0.234,0.854,0.788,0.23,1.65,0.8,0.03,0.8,0.02
Kenya,2018,4.656,8.344,0.707,60.1,0.821,0.291,0.844,0.759,0.237,1.71,0.8,0.03,0.85,0.03
Kuwait,2010,6.798,10.982,0.893,64.6,0.703,-0.031,0.486,0.718,0.203,0.01,0,0,0.01,0
Kuwait,2011,6.378,11.017,0.882,64.9,0.769,,0.56,0.793,0.177,0.01,0,0,0.01,0
Kuwait,2012,6.221,11.025,0.889,65.2,0.934,,,0.821,0.095,0.01,0,0,0.01,0
Kuwait,2013,6.48,10.985,0.862,65.5,0.751,,,0.752,0.283,0.01,0,0,0.01,0
Kuwait,2014,6.18,10.945,,65.8,,,,,,0.01,0,0,0.01,0
Kuwait,2015,6.146,10.912,0.823,66.1,0.822,0.082,,0.723,0.324,0.01,0,0,0.01,0
Kuwait,2016,5.947,10.91,0.845,66.3,0.841,-0.075,,0.688,0.315,0.01,0,0,0.01,0
Kuwait,2017,6.094,10.837,0.853,66.5,0.884,-0.005,,0.692,0.307,0.01,0,0,0.01,0
Kyrgyzstan,2010,4.996,8.329,0.885,61.1,0.72,-0.072,0.926,0.65,0.123,6.09,0.54,0.08,5.47,0
Kyrgyzstan,2011,4.921,8.374,0.891,61.52,0.748,-0.155,0.932,0.681,0.151,6.03,0.58,0.08,5.36,0
Kyrgyzstan,2012,5.208,8.357,0.856,61.94,0.703,-0.079,0.892,0.691,0.182,5.83,0.55,0.08,5.19,0
Kyrgyzstan,2013,5.402,8.441,0.851,62.36,0.755,-0.085,0.9,0.722,0.135,5.74,0.56,0.1,5.08,0
Kyrgyzstan,2014,5.252,8.46,0.898,62.78,0.736,0.355,0.897,0.725,0.185,5.6,0.58,0.08,4.93,0
Kyrgyzstan,2015,4.905,8.477,0.857,63.2,0.813,0.2,0.858,0.767,0.173,4.72,0.6,0.07,4.05,0
Kyrgyzstan,2016,4.857,8.5,0.914,63.5,0.814,0.056,0.917,0.778,0.126,4.57,0.58,0.08,3.91,0
Kyrgyzstan,2017,5.63,8.526,0.883,63.8,0.859,0.143,0.874,0.755,0.16,4.11,0.52,0.08,3.51,0
Kyrgyzstan,2018,5.297,8.543,0.898,64.1,0.945,0.267,0.907,0.763,0.203,3.88,0.52,0.08,3.28,0
Latvia,2011,4.967,10.029,0.836,64.86,0.564,-0.002,0.934,0.563,0.222,10.11,4.86,1.13,3.57,0.55
Latvia,2012,5.125,10.082,0.851,65.12,0.564,-0.038,0.895,0.56,0.232,10.2,4.67,1.16,3.77,0.6
Latvia,2013,5.07,10.116,0.834,65.38,0.631,-0.073,0.837,0.642,0.227,10.43,4.7,1.1,3.99,0.64
Latvia,2014,5.729,10.144,0.881,65.64,0.671,-0.043,0.804,0.652,0.226,10.6,4.8,1.2,4,0.6
Latvia,2015,5.881,10.185,0.879,65.9,0.656,-0.077,0.808,0.608,0.228,10.8,4.8,1.2,4.1,0.7
Latvia,2016,5.94,10.211,0.917,66.2,0.685,-0.156,0.868,0.654,0.231,11.3,4.8,1.3,4.5,0.7
Latvia,2017,5.978,10.257,0.895,66.5,0.7,-0.154,0.798,0.623,0.232,12.6,5.3,1.4,5.1,0.8
Latvia,2018,5.901,10.307,0.913,66.8,0.608,-0.212,0.799,0.585,0.192,12.6,5.3,1.4,5.1,0.8
Lebanon,2010,5.032,9.878,0.721,65.2,0.678,0.073,0.949,0.525,0.341,1.5,0.41,0.22,0.85,0.02
Lebanon,2011,5.188,9.838,0.733,65.28,0.657,0.006,0.911,0.578,0.32,1.41,0.35,0.22,0.82,0.02
Lebanon,2012,4.573,9.8,0.713,65.36,0.621,-0.006,0.856,0.499,0.339,1.33,0.32,0.24,0.75,0.02
Lebanon,2013,4.983,9.772,0.708,65.44,0.655,-0.004,0.921,0.499,0.409,1.27,0.3,0.25,0.69,0.02
Lebanon,2014,5.233,9.739,0.759,65.52,0.657,-0.012,0.939,0.559,0.267,1.27,0.37,0.24,0.64,0.02
Lebanon,2015,5.172,9.699,0.742,65.6,0.597,0.073,0.889,0.568,0.243,1.24,0.38,0.25,0.59,0.02
Lebanon,2016,5.271,9.687,0.828,66.1,0.657,0.031,0.853,0.553,0.263,1.27,0.41,0.25,0.59,0.02
Lebanon,2017,5.154,9.681,0.777,66.6,0.605,-0.074,0.911,0.515,0.244,1.32,0.44,0.24,0.62,0.02
Lebanon,2018,5.167,9.656,0.829,67.1,0.607,-0.066,0.907,0.464,0.271,1.33,0.44,0.24,0.63,0.02
Lesotho,2011,4.898,7.777,0.824,45.74,0.618,-0.087,0.768,0.793,0.17,2.4,1.47,0.01,0.58,0.35
Lesotho,2016,3.808,7.953,0.798,46.6,0.729,-0.099,0.743,0.732,0.27,2.89,1.69,0.09,0.3,0.81
Lesotho,2017,3.795,7.931,0.769,47.3,0.757,-0.145,0.797,0.746,0.255,2.82,1.62,0.09,0.3,0.81
Liberia,2010,4.196,7.258,0.827,51.6,0.819,-0.038,0.818,0.595,0.217,3.64,0.33,0.03,3.29,0
Liberia,2014,4.571,7.391,0.708,53.28,0.59,-0.03,0.869,0.543,0.443,3.47,0.31,0.03,3.11,0.02
Liberia,2015,2.702,7.365,0.638,53.7,0.671,-0.061,0.903,0.505,0.388,3.52,0.33,0.06,3.11,0.02
Liberia,2016,3.355,7.324,0.643,54.5,0.763,0.033,0.901,0.636,0.509,3.53,0.36,0.05,3.11,0.02
Liberia,2017,4.424,7.324,0.685,55.3,0.733,-0.012,0.867,0.668,0.391,3.55,0.37,0.05,3.11,0.02
Liberia,2018,4.135,7.311,0.727,56.1,0.766,0.05,0.868,0.66,0.436,3.55,0.37,0.05,3.11,0.02
Libya,2012,5.754,9.842,0.855,62.66,0.712,-0.032,0.791,0.695,0.316,0.02,0,0.01,0.01,0
Libya,2015,5.615,9.308,0.868,62.3,0.775,-0.044,,0.704,0.369,0.01,0,0.01,0,0
Libya,2016,5.434,9.268,0.876,62.3,0.822,-0.089,,0.718,0.383,0,0,0,0,0
Libya,2017,5.647,9.491,0.823,62.3,0.779,-0.019,0.673,0.697,0.379,0.01,0,0.01,0,0
Libya,2018,5.494,9.617,0.824,62.3,0.781,-0.101,0.646,0.706,0.399,0.01,0,0.01,0,0
Lithuania,2010,5.066,10.085,0.882,64.5,0.519,-0.275,0.962,0.473,0.272,13.22,5.46,1.1,4.65,2.01
Lithuania,2011,5.432,10.167,0.911,64.7,0.566,-0.148,0.964,0.57,0.275,14.72,5.77,1.35,5.51,2.09
Lithuania,2012,5.771,10.218,0.919,64.9,0.503,-0.273,0.957,0.581,0.277,14.87,5.6,1.44,5.63,2.21
Lithuania,2013,5.596,10.263,0.913,65.1,0.556,-0.237,0.936,0.581,0.294,14.75,5.26,1.49,5.74,2.26
Lithuania,2014,6.126,10.306,0.908,65.3,0.508,-0.263,0.956,0.619,0.287,14.93,5.46,1.51,5.82,2.13
Lithuania,2015,5.711,10.335,0.929,65.5,0.641,-0.254,0.924,0.595,0.276,14.2,5.36,1.14,5.78,1.92
Lithuania,2016,5.866,10.373,0.938,66.1,0.614,-0.266,0.949,0.594,0.25,13.39,5.1,1.04,5.51,1.73
Lithuania,2017,6.273,10.429,0.926,66.7,0.749,-0.174,0.79,0.608,0.195,11.96,4.72,0.81,4.97,1.46
Lithuania,2018,6.309,10.474,0.929,67.3,0.699,-0.237,0.852,0.517,0.214,11.49,4.47,0.8,4.75,1.46
Luxembourg,2010,7.097,11.592,0.952,71.7,0.908,0.096,0.423,0.809,0.216,11.84,4.19,5.25,2.4,0
Luxembourg,2011,7.101,11.595,0.934,71.88,0.962,0.106,0.388,0.836,0.2,11.74,4.05,5.32,2.36,0
Luxembourg,2012,6.964,11.567,0.914,72.06,0.917,0.059,0.403,0.815,0.227,11.66,4.08,5.28,2.31,0
Luxembourg,2013,7.131,11.58,0.917,72.24,0.79,-0.054,0.301,0.64,0.185,11.25,3.84,5.12,2.29,0
Luxembourg,2014,6.891,11.598,0.875,72.42,0.938,0.106,0.366,0.803,0.17,11.41,4.07,5.07,2.27,0
Luxembourg,2015,6.702,11.617,0.934,72.6,0.932,0.052,0.375,0.757,0.193,11.36,4.02,5.1,2.25,0
Luxembourg,2016,6.967,11.64,0.941,72.6,0.882,0.019,0.356,0.758,0.192,11.24,3.98,5,2.25,0
Luxembourg,2017,7.061,11.634,0.905,72.6,0.903,0.044,0.33,0.766,0.184,11.16,3.97,4.95,2.24,0
Luxembourg,2018,7.243,11.645,0.902,72.6,0.884,-0.022,0.385,0.75,0.202,10.94,4.03,4.7,2.21,0
Madagascar,2011,4.381,7.336,0.818,56.22,0.546,-0.062,0.897,0.51,0.235,0.9,0.5,0.1,0.3,0
Madagascar,2012,3.551,7.339,0.673,56.64,0.487,-0.055,0.854,0.69,0.194,0.86,0.45,0.1,0.31,0
Madagascar,2013,3.816,7.334,0.673,57.06,0.48,-0.019,0.868,0.734,0.241,0.85,0.42,0.08,0.34,0
Madagascar,2014,3.676,7.34,0.655,57.48,0.529,-0.023,0.791,0.748,0.192,0.78,0.44,0.08,0.26,0
Madagascar,2015,3.593,7.344,0.647,57.9,0.545,-0.041,0.861,0.802,0.226,0.88,0.46,0.08,0.34,0
Madagascar,2016,3.663,7.356,0.746,58.3,0.57,-0.069,0.864,0.813,0.204,0.89,0.48,0.07,0.34,0
Madagascar,2017,4.079,7.368,0.626,58.7,0.57,-0.033,0.847,0.752,0.375,0.91,0.5,0.07,0.34,0
Madagascar,2018,4.071,7.386,0.666,59.1,0.551,0.003,0.889,0.752,0.362,0.91,0.5,0.07,0.34,0
Malawi,2011,3.946,6.895,0.613,51.42,0.733,0.099,0.853,0.713,0.268,1.81,0.15,0.02,0.16,1.48
Malawi,2012,4.279,6.885,0.604,52.44,0.637,0.169,0.886,0.816,0.2,1.79,0.16,0.02,0.27,1.34
Malawi,2013,4.035,6.907,0.563,53.46,0.752,0.078,0.857,0.808,0.248,1.94,0.16,0.02,0.22,1.54
Malawi,2014,4.563,6.935,0.512,54.48,0.786,0.061,0.824,0.704,0.263,1.94,0.16,0.01,0.1,1.67
Malawi,2015,3.868,6.935,0.494,55.5,0.801,0.058,0.835,0.633,0.26,1.99,0.17,0.02,0.19,1.61
Malawi,2016,3.476,6.932,0.524,56.2,0.81,0.066,0.824,0.603,0.325,2,0.18,0.02,0.19,1.61
Malawi,2017,3.417,6.945,0.555,56.9,0.848,0.025,0.735,0.609,0.312,2,0.17,0.02,0.19,1.61
Malawi,2018,3.335,6.949,0.528,57.6,0.799,0.073,0.766,0.586,0.365,2,0.17,0.02,0.19,1.61
Malaysia,2010,5.58,9.93,0.839,65.6,0.769,0.032,0.844,0.832,0.192,0.52,0.38,0.03,0.1,0.01
Malaysia,2011,5.786,9.966,0.77,65.76,0.84,-0.016,0.842,0.887,0.155,0.55,0.39,0.04,0.11,0.01
Malaysia,2012,5.914,10.005,0.841,65.92,0.848,0.017,0.847,0.867,0.177,0.57,0.41,0.04,0.11,0.01
Malaysia,2013,5.77,10.037,0.831,66.08,0.791,0.264,0.755,0.736,0.317,0.56,0.4,0.04,0.11,0.01
Malaysia,2014,5.963,10.082,0.863,66.24,0.808,0.239,0.845,0.77,0.261,0.55,0.39,0.04,0.11,0.01
Malaysia,2015,6.322,10.118,0.818,66.4,0.675,0.222,0.838,0.775,0.314,0.54,0.39,0.04,0.11,0.01
Malaysia,2018,5.339,10.223,0.789,67,0.875,0.127,0.894,0.824,0.2,0.58,0.43,0.04,0.1,0.01
Maldives,2018,5.198,9.826,0.913,70.6,0.855,0.024,,,,1.11,0.33,0.44,0.34,0
Mali,2010,3.762,7.642,0.751,48.4,0.749,-0.028,0.811,0.797,0.162,0.59,0.07,0.01,0.02,0.49
Mali,2011,4.667,7.643,0.796,48.76,0.823,-0.101,0.726,0.758,0.132,0.61,0.08,0.01,0.02,0.5
Mali,2012,4.313,7.605,0.823,49.12,0.704,-0.088,0.787,0.681,0.109,0.62,0.08,0.01,0,0.53
Mali,2013,3.676,7.599,0.82,49.48,0.665,-0.053,0.755,0.724,0.193,0.59,0.09,0.01,0,0.49
Mali,2014,3.975,7.638,0.843,49.84,0.652,-0.037,0.658,0.741,0.186,0.58,0.1,0.01,0,0.48
Mali,2015,4.582,7.669,0.83,50.2,0.634,-0.068,0.8,0.709,0.243,0.59,0.09,0.01,0,0.48
Mali,2016,4.016,7.695,0.836,50.7,0.696,-0.07,0.862,0.807,0.305,0.58,0.09,0.01,0,0.48
Mali,2017,4.742,7.718,0.741,51.2,0.753,-0.069,0.863,0.742,0.393,0.59,0.1,0.01,0,0.48
Mali,2018,4.416,7.733,0.692,51.7,0.737,-0.034,0.793,0.77,0.37,0.59,0.1,0.01,0,0.48
Malta,2010,5.774,10.361,0.908,71.6,0.802,0.287,,0.697,0.375,6.98,2.77,2.22,1.68,0.31
Malta,2011,6.155,10.37,0.923,71.72,0.882,0.296,,0.736,0.34,6.89,2.78,1.99,1.81,0.31
Malta,2012,5.963,10.389,0.922,71.84,0.861,0.352,,0.744,0.391,7.2,2.78,2.15,1.94,0.34
Malta,2013,6.38,10.422,0.942,71.96,0.909,0.41,,0.66,0.37,7.37,2.79,2.08,2.13,0.37
Malta,2014,6.452,10.486,0.941,72.08,0.904,0.404,0.67,0.652,0.352,7.37,2.8,2.12,2.06,0.39
Malta,2015,6.613,10.566,0.919,72.2,0.912,0.347,0.664,0.68,0.355,7.29,2.8,2.02,2.12,0.36
Malta,2016,6.591,10.599,0.93,72.2,0.916,0.345,0.696,0.687,0.355,7.51,2.82,2.16,2.16,0.37
Malta,2017,6.676,10.635,0.937,72.2,0.924,0.253,0.69,0.721,0.302,7.78,2.83,2.33,2.24,0.38
Malta,2018,6.91,10.67,0.932,72.2,0.927,0.179,0.595,0.721,0.296,7.87,2.83,2.33,2.31,0.4
Mauritania,2010,4.772,8.47,0.857,54.5,0.669,0.055,0.727,0.778,0.129,0.01,0,0,0,0
Mauritania,2011,4.785,8.481,0.75,54.82,0.567,0.052,0.747,0.762,0.175,0.01,0,0,0,0
Mauritania,2012,4.673,8.495,0.763,55.14,0.487,-0.021,0.707,0.782,0.164,0,0,0,0,0
Mauritania,2013,4.199,8.506,0.741,55.46,0.603,-0.079,0.676,0.793,0.196,0,0,0,0,0
Mauritania,2014,4.483,8.519,0.853,55.78,0.468,-0.054,0.589,0.755,0.163,0,0,0,0,0
Mauritania,2015,3.923,8.542,0.875,56.1,0.447,0.055,0.715,0.82,0.194,0,0,0,0,0
Mauritania,2016,4.472,8.526,0.785,56.4,0.467,-0.175,0.842,0.735,0.222,0,0,0,0,0
Mauritania,2017,4.678,8.533,0.779,56.7,0.527,-0.153,0.777,0.637,0.272,0,0,0,0,0
Mauritania,2018,4.314,8.526,0.802,57,0.467,-0.112,0.711,0.663,0.276,0,0,0,0,0
Mauritius,2011,5.477,9.767,0.8,64.7,0.848,0.191,0.847,0.738,0.253,3.04,1.84,0.31,0.87,0.02
Mauritius,2014,5.648,9.865,0.785,65.3,0.824,0.176,0.879,0.808,0.222,2.82,1.68,0.31,0.79,0.03
Mauritius,2016,5.61,9.935,0.836,65.8,0.819,0.139,0.891,0.785,0.246,3.07,1.83,0.41,0.79,0.03
Mauritius,2017,6.174,9.972,0.91,66.1,0.912,0.087,0.818,0.748,0.169,3.1,1.88,0.4,0.79,0.03
Mauritius,2018,5.882,10.008,0.909,66.4,0.867,-0.073,0.785,0.774,0.158,3.09,1.88,0.39,0.79,0.03
Mexico,2010,6.802,9.788,0.876,66.5,0.778,-0.048,0.693,0.84,0.215,4.05,3.53,0.18,0.23,0.11
Mexico,2011,6.91,9.81,0.824,66.68,0.831,-0.099,0.698,0.79,0.228,4,3.53,0.18,0.18,0.11
Mexico,2012,7.32,9.832,0.767,66.86,0.788,-0.093,0.633,0.784,0.278,3.86,3.41,0.19,0.12,0.13
Mexico,2013,7.443,9.832,0.759,67.04,0.739,-0.165,0.615,0.79,0.223,3.81,3.28,0.2,0.19,0.14
Mexico,2014,6.68,9.847,0.782,67.22,0.779,-0.094,0.63,0.802,0.229,3.94,3.38,0.18,0.24,0.15
Mexico,2015,6.236,9.867,0.761,67.4,0.719,-0.152,0.708,0.745,0.237,4.24,3.59,0.2,0.24,0.21
Mexico,2016,6.824,9.884,0.893,67.7,0.752,-0.153,0.809,0.859,0.22,4.25,3.72,0.19,0.19,0.15
Mexico,2017,6.41,9.893,0.8,68,0.861,-0.202,0.801,0.843,0.231,4.25,3.72,0.19,0.19,0.15
Mexico,2018,6.55,9.903,0.858,68.3,0.816,-0.179,0.809,0.882,0.213,4.25,3.72,0.19,0.19,0.15
Mongolia,2010,4.586,8.92,0.904,60.2,0.631,0.099,0.928,0.712,0.15,7.74,1.61,1.23,4.9,0
Mongolia,2011,5.031,9.061,0.948,60.5,0.7,0.151,0.931,0.692,0.153,6.66,1.97,1.53,3.17,0
Mongolia,2012,4.885,9.158,0.919,60.8,0.688,0.107,0.932,0.689,0.181,7.55,2.3,1.58,3.67,0
Mongolia,2013,4.913,9.248,0.935,61.1,0.748,0.136,0.928,0.649,0.179,12.64,2.34,1.44,8.85,0
Mongolia,2014,4.825,9.304,0.943,61.4,0.752,0.146,0.909,0.627,0.17,9.93,2.13,1.39,6.41,0
Mongolia,2015,4.983,9.308,0.906,61.7,0.686,0.173,0.9,0.653,0.208,8.4,2.14,1.2,5.06,0
Mongolia,2016,5.057,9.3,0.947,61.9,0.76,0.09,0.9,0.694,0.171,6.9,2.16,1.34,3.4,0
Mongolia,2017,5.334,9.334,0.924,62.1,0.675,0.119,0.865,0.675,0.214,6.24,2.05,1.37,2.82,0
Mongolia,2018,5.465,9.386,0.942,62.3,0.696,0.054,0.849,0.654,0.192,5.77,2.25,1.59,1.93,0
Montenegro,2010,5.455,9.724,0.805,67.1,0.552,-0.206,0.757,0.595,0.41,9.83,4.14,3.22,2.31,0.17
Montenegro,2011,5.223,9.755,0.818,67.26,0.546,-0.226,0.762,0.603,0.378,8.91,3.94,2.41,2.4,0.16
Montenegro,2012,5.219,9.726,0.704,67.42,0.462,-0.192,0.755,0.574,0.379,9.25,4.21,2.41,2.48,0.14
Montenegro,2013,5.074,9.76,0.736,67.58,0.502,-0.176,0.693,0.539,0.331,9.51,3.88,2.89,2.57,0.16
Montenegro,2014,5.283,9.777,0.863,67.74,0.503,0.097,0.768,0.587,0.368,8.44,3.53,2.09,2.66,0.17
Montenegro,2015,5.125,9.81,0.74,67.9,0.583,-0.144,0.781,0.58,0.337,8.34,3.45,1.98,2.78,0.13
Montenegro,2016,5.304,9.839,0.866,68.1,0.569,-0.087,0.849,0.591,0.337,8.97,3.45,2.45,2.93,0.13
Montenegro,2017,5.615,9.885,0.881,68.3,0.626,-0.083,0.756,0.519,0.35,9.18,3.45,2.56,3.04,0.13
Montenegro,2018,5.65,9.934,0.856,68.5,0.626,-0.051,0.769,0.59,0.355,9.29,3.45,2.56,3.15,0.13
Morocco,2010,4.383,8.746,,63.5,0.663,-0.162,0.9,,,0.47,0.2,0.18,0.09,0
Morocco,2011,5.085,8.783,0.833,63.8,0.579,-0.218,0.875,0.736,0.187,0.46,0.18,0.19,0.09,0
Morocco,2012,4.97,8.799,0.676,64.1,0.757,-0.187,0.845,0.687,0.281,0.46,0.18,0.2,0.08,0
Morocco,2013,5.142,8.829,0.597,64.4,0.572,-0.21,0.771,0.784,0.239,0.45,0.17,0.2,0.07,0
Morocco,2015,5.163,8.872,0.606,65,0.713,-0.228,0.842,0.661,0.262,0.39,0.16,0.17,0.06,0
Morocco,2016,5.386,8.869,0.655,65.3,0.817,-0.237,0.717,0.713,0.205,0.4,0.16,0.17,0.07,0
Morocco,2017,5.312,8.898,0.641,65.6,0.814,-0.216,0.841,0.559,0.323,0.43,0.17,0.18,0.07,0
Morocco,2018,4.897,8.914,0.554,65.9,0.773,-0.234,0.843,0.638,0.416,0.43,0.17,0.18,0.08,0
Mozambique,2011,4.971,6.979,0.818,48.32,0.639,-0.024,0.719,0.592,0.243,0.93,0.68,0.11,0.13,0
Mozambique,2015,4.55,7.141,0.666,51.2,0.813,0.089,0.632,0.564,0.34,1.22,0.96,0.09,0.17,0.01
Mozambique,2017,4.28,7.157,0.678,53.2,0.823,-0.03,0.682,0.648,0.353,1.24,1,0.05,0.19,0.01
Mozambique,2018,4.654,7.162,0.738,54.2,0.897,0.049,0.691,0.64,0.397,1.24,1,0.03,0.21,0.01
Myanmar,2012,4.439,8.158,0.612,57.02,0.691,0.645,0.695,0.764,0.205,1.24,0.24,0,1,0
Myanmar,2013,4.176,8.23,0.757,57.38,0.775,0.689,0.638,0.803,0.217,1.31,0.28,0,1.03,0
Myanmar,2014,4.786,8.299,0.774,57.74,,0.698,0.592,0.858,0.112,1.36,0.32,0,1.04,0
Myanmar,2015,4.224,8.359,0.752,58.1,0.808,0.688,0.633,0.866,0.272,1.46,0.37,0,1.09,0
Myanmar,2016,4.623,8.408,0.793,58.4,0.877,0.679,0.607,0.804,0.302,1.6,0.42,0,1.18,0
Myanmar,2017,4.154,8.464,0.795,58.7,0.886,0.65,0.619,0.746,0.282,1.75,0.45,0,1.3,0
Myanmar,2018,4.411,8.523,0.774,59,0.906,0.49,0.647,0.777,0.3,1.78,0.45,0,1.33,0
Namibia,2014,4.574,9.232,0.763,55.16,0.849,-0.183,0.79,0.749,0.239,3.98,1.18,1.62,0.72,0.46
Namibia,2017,4.441,9.215,0.828,56.2,0.81,-0.19,0.831,0.721,0.277,4.45,1.3,2.1,0.62,0.44
Namibia,2018,4.834,9.204,0.864,56.5,0.754,-0.169,0.846,0.739,0.24,4.3,1.3,2.05,0.57,0.37
Nepal,2010,4.35,7.765,0.779,59.2,0.519,0.092,0.911,0.672,0.226,0.23,0.1,0,0.12,0
Nepal,2011,3.809,7.797,0.741,59.4,0.525,-0.01,0.935,0.699,0.207,0.24,0.12,0,0.12,0
Nepal,2012,4.233,7.846,0.734,59.6,0.638,0.07,0.883,0.736,0.231,0.25,0.13,0,0.12,0
Nepal,2013,4.605,7.889,0.74,59.8,0.722,0.151,0.877,0.629,0.279,0.27,0.15,0,0.12,0
Nepal,2014,4.975,7.948,0.786,60,0.712,0.121,0.841,0.614,0.287,0.28,0.17,0,0.1,0
Nepal,2015,4.812,7.976,0.748,60.2,0.763,0.227,0.824,0.543,0.358,0.28,0.18,0,0.1,0
Nepal,2016,5.1,7.973,0.837,61.3,0.839,0.168,0.817,0.627,0.37,0.29,0.19,0,0.1,0
Nepal,2017,4.737,8.039,0.816,62.4,0.845,0.134,0.77,0.571,0.376,0.32,0.22,0,0.1,0
Nepal,2018,4.91,8.087,0.768,63.5,0.77,0.122,0.742,0.537,0.387,0.32,0.22,0,0.1,0
Netherlands,2010,7.502,10.864,0.957,71.4,0.921,0.349,0.399,0.853,0.206,9.07,4.36,3.18,1.53,0
Netherlands,2011,7.564,10.875,0.938,71.52,0.925,0.336,0.359,0.863,0.181,9,4.34,3.17,1.49,0
Netherlands,2012,7.471,10.861,0.939,71.64,0.877,0.288,0.434,0.861,0.226,9.06,4.37,3.16,1.52,0
Netherlands,2013,7.407,10.857,0.925,71.76,0.919,0.305,0.505,0.867,0.235,8.58,4.2,2.87,1.52,0
Netherlands,2014,7.321,10.867,0.909,71.88,0.91,0.331,0.457,0.868,0.221,8.39,4.12,2.95,1.32,0
Netherlands,2015,7.324,10.882,0.879,72,0.904,0.261,0.412,0.834,0.202,8.3,4.04,2.94,1.32,0
Netherlands,2016,7.541,10.899,0.926,72.1,0.907,0.239,0.433,0.838,0.215,8.3,4.05,2.89,1.35,0
Netherlands,2017,7.459,10.921,0.937,72.2,0.92,0.25,0.363,0.852,0.185,8.34,4.02,2.94,1.38,0
Netherlands,2018,7.463,10.941,0.939,72.3,0.92,0.161,0.371,0.862,0.205,8.34,4,2.94,1.41,0
New Zealand,2010,7.224,10.52,0.976,72,0.918,0.254,0.321,0.847,0.235,9.62,3.68,3.23,1.52,1.2
New Zealand,2011,7.191,10.536,0.954,72.12,0.935,0.284,0.269,0.864,0.21,9.45,3.65,3.01,1.53,1.26
New Zealand,2012,7.25,10.553,0.93,72.24,0.902,0.287,0.289,0.866,0.207,9.17,3.38,3,1.52,1.26
New Zealand,2013,7.28,10.571,0.958,72.36,0.944,0.237,0.312,0.835,0.151,9.12,3.45,3.01,1.52,1.15
New Zealand,2014,7.306,10.592,0.942,72.48,0.932,0.348,0.273,0.848,0.199,8.98,3.33,3.13,1.47,1.05
New Zealand,2015,7.418,10.608,0.987,72.6,0.942,0.329,0.186,0.834,0.16,8.68,3.28,2.91,1.4,1.1
New Zealand,2016,7.226,10.623,0.937,72.8,0.927,0.266,0.278,0.833,0.207,9.02,3.37,3.01,1.49,1.14
New Zealand,2017,7.327,10.633,0.955,73,0.942,0.294,0.222,0.817,0.172,9.06,3.34,3.02,1.49,1.2
New Zealand,2018,7.37,10.66,0.954,73.2,0.949,0.12,0.207,0.845,0.168,9.12,3.39,2.94,1.56,1.23
Nicaragua,2010,5.687,8.436,0.863,65.5,0.792,0.018,0.802,0.805,0.268,3.35,1.32,0.02,2.01,0
Nicaragua,2011,5.386,8.484,0.8,65.72,0.779,-0.02,0.76,0.791,0.309,3.36,1.32,0.02,2.02,0
Nicaragua,2012,5.448,8.534,0.894,65.94,0.85,0.017,0.644,0.803,0.255,3.61,1.32,0.02,2.26,0
Nicaragua,2013,5.772,8.569,0.868,66.16,0.859,0.039,0.636,0.839,0.271,3.56,1.35,0.02,2.19,0
Nicaragua,2014,6.275,8.602,0.839,66.38,0.817,0.104,0.699,0.813,0.334,3.55,1.38,0.03,2.13,0
Nicaragua,2015,5.924,8.636,0.827,66.6,0.809,0.077,0.728,0.797,0.346,3.73,1.45,0.03,2.25,0
Nicaragua,2016,6.013,8.668,0.853,66.9,0.717,0.039,0.731,0.805,0.38,3.81,1.53,0.03,2.25,0
Nicaragua,2017,6.476,8.7,0.838,67.2,0.922,0.01,0.673,0.85,0.308,3.89,1.61,0.03,2.24,0.01
Nicaragua,2018,5.819,8.647,0.854,67.5,0.797,0.009,0.713,0.793,0.408,3.81,1.61,0.02,2.18,0
Niger,2010,4.101,6.941,0.655,49.4,0.817,-0.023,0.529,0.745,0.126,0.11,0.05,0.01,0.05,0
Niger,2011,4.556,6.925,0.818,49.92,0.78,-0.055,0.549,0.7,0.166,0.13,0.05,0.01,0.07,0
Niger,2012,3.798,6.987,0.7,50.44,0.734,-0.064,0.777,0.603,0.142,0.16,0.05,0.02,0.09,0
Niger,2013,3.716,7.002,0.696,50.96,0.825,-0.077,0.711,0.65,0.208,0.1,0.04,0.01,0.04,0
Niger,2014,4.181,7.027,0.753,51.48,0.688,-0.046,0.605,0.678,0.205,0.13,0.05,0.01,0.06,0
Niger,2015,3.671,7.03,0.713,52,0.728,-0.032,0.703,0.682,0.218,0.13,0.05,0.01,0.07,0
Niger,2016,4.235,7.047,0.683,52.5,0.702,-0.016,0.814,0.675,0.325,0.13,0.05,0.01,0.07,0
Niger,2017,4.616,7.058,0.582,53,0.684,-0.03,0.778,0.731,0.427,0.13,0.04,0.02,0.07,0
Niger,2018,5.164,7.087,0.612,53.5,0.791,0.009,0.637,0.771,0.503,0.13,0.04,0.02,0.07,0
Nigeria,2010,4.76,8.504,0.824,46.2,0.565,0.067,0.911,0.782,0.19,10.4,0.71,0.04,0.09,9.56
Nigeria,2012,5.493,8.543,0.818,47.12,0.652,0.066,0.9,0.811,0.209,9.98,0.76,0.06,0.06,9.11
Nigeria,2013,4.818,8.581,0.663,47.58,0.622,0.051,0.905,0.638,0.286,9.71,0.77,0.06,0.06,8.83
Nigeria,2015,4.933,8.615,0.812,48.5,0.68,-0.035,0.926,0.717,0.251,7.83,0.77,0.04,0.06,6.96
Nigeria,2016,5.22,8.573,0.805,48.9,0.798,0.043,0.905,0.732,0.252,7.82,0.77,0.03,0.06,6.96
Nigeria,2017,5.322,8.555,0.733,49.3,0.826,0.124,0.835,0.725,0.236,7.79,0.73,0.04,0.06,6.96
Nigeria,2018,5.252,8.548,0.741,49.7,0.79,-0.01,0.866,0.805,0.256,7.79,0.73,0.04,0.06,6.96
North Macedonia,2010,4.18,9.496,0.687,64.502,0.513,-0.058,0.856,0.567,0.314,3.53,1.59,1.06,0.86,0.02
North Macedonia,2011,4.898,9.518,0.784,64.661,0.607,-0.087,0.865,0.588,0.363,3.53,1.6,1.06,0.84,0.02
North Macedonia,2012,4.64,9.513,0.798,64.811,0.613,-0.084,0.92,0.642,0.422,3.54,1.66,1.04,0.81,0.02
North Macedonia,2013,5.186,9.541,0.832,64.942,0.641,0.025,0.861,0.578,0.331,3.61,1.71,1.04,0.83,0.03
North Macedonia,2014,5.204,9.576,0.793,65.053,0.645,0.035,0.861,0.637,0.307,3.56,1.65,1.04,0.83,0.03
North Macedonia,2015,4.976,9.613,0.766,65.145,0.66,-0.047,0.824,0.62,0.299,3.57,1.67,1.04,0.83,0.03
North Macedonia,2016,5.346,9.64,0.871,65.225,0.706,0.08,0.87,0.639,0.292,3.63,1.7,1.04,0.85,0.03
North Macedonia,2017,5.234,9.65,0.8,65.303,0.752,-0.059,0.856,0.502,0.299,3.77,1.84,1.03,0.87,0.04
North Macedonia,2018,5.24,9.677,0.849,65.389,0.745,-0.041,0.91,0.59,0.298,3.8,1.84,1.03,0.89,0.04
Norway,2012,7.678,11.017,0.948,72.24,0.947,0.147,0.368,0.823,0.213,6.21,2.67,2.29,1.11,0.14
Norway,2014,7.444,11.024,0.941,72.68,0.956,0.181,0.405,0.834,0.194,6.06,2.62,2.25,1.04,0.15
Norway,2015,7.603,11.033,0.947,72.9,0.948,0.257,0.299,0.843,0.209,5.97,2.57,2.22,1.03,0.15
Norway,2016,7.596,11.035,0.96,73,0.954,0.133,0.41,0.85,0.209,6.03,2.65,2.21,1.01,0.16
Norway,2017,7.579,11.05,0.95,73.1,0.953,0.236,0.25,0.849,0.203,6,2.63,2.19,1.01,0.17
Norway,2018,7.444,11.056,0.966,73.2,0.96,0.094,0.268,0.827,0.212,6.02,2.66,2.2,0.97,0.19
Oman,2011,6.853,10.382,,65.5,0.916,0.025,,,0.295,0.5,0.2,0.02,0.28,0
Pakistan,2010,5.786,8.27,0.571,56.2,0.364,0.3,0.852,0.651,0.372,0.04,0,0,0.03,0
Pakistan,2011,5.267,8.276,0.51,56.42,0.376,0.03,0.857,0.628,0.358,0.04,0,0,0.03,0
Pakistan,2012,5.132,8.289,0.542,56.64,0.367,0.165,0.842,0.665,0.332,0.03,0,0,0.03,0
Pakistan,2013,5.138,8.311,0.607,56.86,0.448,0.1,0.792,0.598,0.274,0.05,0,0.02,0.03,0
Pakistan,2014,5.436,8.336,0.552,57.08,0.543,0.14,0.677,0.585,0.295,0.04,0,0,0.03,0
Pakistan,2015,4.823,8.361,0.562,57.3,0.587,0.085,0.717,0.575,0.329,0.04,0,0,0.04,0
Pakistan,2016,5.549,8.394,0.627,57.7,0.634,0.095,0.793,0.648,0.332,0.05,0,0,0.04,0
Pakistan,2017,5.831,8.428,0.69,58.1,0.713,0.045,0.714,0.586,0.308,0.05,0,0,0.04,0
Pakistan,2018,5.472,8.464,0.685,58.5,0.773,0.069,0.799,0.567,0.377,0.05,0,0,0.04,0
Panama,2010,7.321,9.969,0.928,68.3,0.755,-0.009,0.88,0.888,0.146,6.16,4.1,0.24,1.8,0.01
Panama,2011,7.248,10.059,0.876,68.5,0.829,0.009,0.84,0.885,0.18,6.22,4.21,0.25,1.74,0.02
Panama,2012,6.86,10.135,0.897,68.7,0.783,-0.002,0.796,0.869,0.207,6.25,4.27,0.25,1.71,0.02
Panama,2013,6.866,10.184,0.896,68.9,0.811,0.018,0.814,0.869,0.226,6.26,4.43,0.25,1.56,0.02
Panama,2014,6.631,10.217,0.873,69.1,0.894,0.002,0.847,0.808,0.254,6.34,4.79,0.24,1.29,0.02
Panama,2015,6.606,10.255,0.883,69.3,0.847,-0.007,0.81,0.801,0.264,6.92,5.36,0.24,1.31,0.02
Panama,2016,6.118,10.287,0.882,69.4,0.884,-0.102,0.837,0.858,0.244,6.7,5.14,0.25,1.3,0.02
Panama,2017,6.568,10.324,0.912,69.5,0.9,-0.17,0.841,0.833,0.242,6.89,5.42,0.25,1.2,0.02
Panama,2018,6.281,10.343,0.904,69.6,0.861,-0.131,0.837,0.884,0.223,6.92,5.42,0.25,1.24,0.02
Paraguay,2010,5.841,9.25,0.889,64.5,0.726,0.076,0.78,0.855,0.176,6.29,3.28,1.14,1.83,0.04
Paraguay,2011,5.677,9.278,0.869,64.62,0.666,0.191,0.756,0.81,0.19,6.15,3.32,0.96,1.83,0.05
Paraguay,2012,5.82,9.259,0.931,64.74,0.748,0.2,0.774,0.837,0.213,5.81,3.21,0.79,1.76,0.05
Paraguay,2013,5.936,9.326,0.939,64.86,0.909,0.046,0.903,0.919,0.224,5.64,3.2,0.64,1.74,0.05
Paraguay,2014,5.119,9.36,0.959,64.98,0.759,-0.002,0.762,0.944,0.216,5.86,3.17,0.92,1.7,0.06
Paraguay,2015,5.56,9.377,0.914,65.1,0.806,-0.008,0.863,0.866,0.219,5.62,3.13,0.8,1.63,0.06
Paraguay,2016,5.801,9.406,0.94,65.3,0.854,-0.071,0.756,0.925,0.197,5.85,3.15,1.01,1.63,0.06
Paraguay,2017,5.713,9.441,0.902,65.5,0.891,0.003,0.81,0.903,0.232,6,3.24,1.1,1.59,0.07
Peru,2010,5.613,9.217,0.812,66.3,0.757,-0.06,0.881,0.8,0.33,5.13,3.13,0.35,1.65,0.01
Peru,2011,5.892,9.27,0.756,66.48,0.773,-0.123,0.824,0.78,0.331,5.09,3.09,0.37,1.62,0.01
Peru,2012,5.825,9.322,0.764,66.66,0.703,-0.079,0.867,0.757,0.398,5.21,3.19,0.41,1.61,0.01
Peru,2013,5.783,9.369,0.797,66.84,0.703,-0.066,0.87,0.778,0.39,5.12,3.07,0.42,1.62,0.01
Peru,2014,5.866,9.382,0.819,67.02,0.722,-0.136,0.878,0.759,0.319,5.26,3.09,0.43,1.73,0.01
Peru,2015,5.577,9.402,0.798,67.2,0.802,-0.09,0.884,0.754,0.378,5.3,3.06,0.43,1.8,0.01
Peru,2016,5.701,9.426,0.803,67.5,0.83,-0.134,0.866,0.822,0.338,5.31,3.07,0.43,1.8,0.01
Peru,2017,5.711,9.434,0.83,67.8,0.827,-0.154,0.895,0.789,0.394,5.3,3.06,0.43,1.8,0.01
Peru,2018,5.68,9.456,0.845,68.1,0.83,-0.178,0.906,0.809,0.38,5.3,3.06,0.43,1.8,0.01
Philippines,2010,4.942,8.686,0.805,60.6,0.893,0.033,0.812,0.876,0.294,4.74,1.29,0.02,3.29,0.14
Philippines,2011,4.994,8.707,0.789,60.8,0.883,0.073,0.783,0.851,0.358,4.86,1.28,0.02,3.44,0.12
Philippines,2012,5.002,8.756,0.813,61,0.914,0.053,0.771,0.865,0.351,4.98,1.25,0.02,3.67,0.03
Philippines,2013,4.977,8.805,0.846,61.2,0.907,0.021,0.756,0.799,0.332,4.63,1.1,0.02,3.49,0.02
Philippines,2014,5.313,8.85,0.813,61.4,0.902,-0.015,0.787,0.813,0.334,4.62,1.1,0.02,3.48,0.01
Philippines,2015,5.547,8.896,0.854,61.6,0.912,-0.051,0.755,0.805,0.351,4.52,1.11,0.04,3.37,0.01
Philippines,2016,5.431,8.95,0.821,61.7,0.908,-0.071,0.792,0.821,0.29,4.53,1.24,0.04,3.25,0.01
Philippines,2017,5.594,9.002,0.851,61.8,0.926,-0.141,0.711,0.769,0.341,4.75,1.38,0.04,3.32,0.01
Philippines,2018,5.869,9.05,0.846,61.9,0.918,-0.108,0.726,0.773,0.393,4.83,1.38,0.04,3.4,0.01
Poland,2010,5.887,10.085,0.955,67.3,0.795,0.002,0.905,0.737,0.234,10.07,5.32,0.98,3.77,0
Poland,2011,5.646,10.133,0.905,67.46,0.868,-0.067,0.908,0.725,0.224,10.24,5.56,0.91,3.77,0
Poland,2012,5.876,10.149,0.936,67.62,0.811,-0.027,0.888,0.787,0.267,10.21,5.84,0.83,3.53,0
Poland,2013,5.746,10.164,0.912,67.78,0.776,-0.137,0.916,0.784,0.242,10.8,5.74,0.82,4.23,0
Poland,2014,5.75,10.197,0.924,67.94,0.875,-0.064,0.898,0.777,0.223,10.45,5.8,0.89,3.76,0
Poland,2015,6.007,10.235,0.893,68.1,0.793,-0.093,0.81,0.734,0.24,10.47,5.82,0.89,3.76,0
Poland,2016,6.162,10.266,0.917,68.5,0.871,-0.091,0.848,0.777,0.224,10.43,5.84,0.83,3.76,0
Poland,2017,6.201,10.314,0.882,68.9,0.831,-0.122,0.639,0.677,0.203,10.53,5.78,0.87,3.87,0
Poland,2018,6.111,10.366,0.863,69.3,0.87,-0.254,0.72,0.742,0.176,10.62,5.9,0.85,3.88,0
Portugal,2010,5.095,10.368,0.864,70.8,0.721,-0.106,0.948,0.742,0.265,11.26,3.03,6.44,1.41,0.38
Portugal,2011,5.22,10.353,0.856,71,0.875,-0.173,0.962,0.725,0.279,10.86,2.75,6.37,1.4,0.32
Portugal,2012,4.994,10.315,0.866,71.2,0.774,-0.097,0.959,0.729,0.37,9.76,2.64,5.34,1.4,0.38
Portugal,2013,5.158,10.312,0.867,71.4,0.788,-0.118,0.946,0.7,0.348,9.52,2.58,5.16,1.4,0.38
Portugal,2014,5.127,10.325,0.862,71.6,0.847,-0.126,0.941,0.705,0.358,10.2,2.47,5.96,1.4,0.38
Portugal,2015,5.081,10.347,0.866,71.8,0.8,-0.163,0.941,0.657,0.371,10.34,2.57,6.05,1.34,0.37
Portugal,2016,5.447,10.37,0.905,72,0.838,-0.225,0.922,0.684,0.326,10.37,2.62,6.04,1.34,0.37
Portugal,2017,5.711,10.407,0.9,72.2,0.905,-0.176,0.881,0.649,0.294,10.37,2.62,6.04,1.34,0.37
Portugal,2018,5.92,10.434,0.887,72.4,0.877,-0.261,0.88,0.679,0.318,10.37,2.62,6.04,1.34,0.37
Qatar,2010,6.85,11.52,,66.7,,0.104,,,,1.11,0.32,0.09,0.69,0.01
Qatar,2011,6.592,11.553,0.857,67.02,0.905,0.012,,0.761,0.328,1.1,0.31,0.09,0.69,0.01
Qatar,2012,6.611,11.523,0.838,67.34,0.924,0.162,,0.766,0.322,1.07,0.32,0.09,0.66,0.01
Qatar,2015,6.375,11.486,,68.3,,,,,,1.07,0.29,0.09,0.68,0.01
Romania,2010,4.909,9.915,0.689,65.2,0.566,-0.085,0.974,0.596,0.344,10.01,4.83,3.16,2.02,0
Romania,2011,5.023,9.94,0.753,65.42,0.65,-0.14,0.964,0.543,0.294,9.58,5,3.03,1.54,0
Romania,2012,5.167,9.965,0.74,65.64,0.645,-0.112,0.959,0.556,0.343,9.66,5.35,3,1.3,0
Romania,2013,5.082,10.004,0.778,65.86,0.655,-0.129,0.952,0.64,0.329,9.65,5.14,3.08,1.42,0
Romania,2014,5.727,10.041,0.753,66.08,0.754,-0.1,0.958,0.654,0.331,9.48,4.86,3.21,1.42,0
Romania,2015,5.777,10.083,0.787,66.3,0.796,-0.141,0.962,0.714,0.312,9.45,5.22,2.7,1.54,0
Romania,2016,5.969,10.136,0.809,66.6,0.822,-0.115,0.949,0.694,0.258,9.57,5.25,2.55,1.77,0
Romania,2017,6.09,10.211,0.811,66.9,0.839,-0.16,0.926,0.734,0.231,10.14,5.28,3.09,1.77,0
Romania,2018,6.151,10.26,0.818,67.2,0.845,-0.217,0.921,0.735,0.298,10.14,5.28,3.09,1.77,0
Rwanda,2011,4.097,7.369,0.57,56.82,0.829,-0.039,0.161,0.665,0.154,7.27,0.9,0,0.09,6.28
Rwanda,2012,3.333,7.428,0.637,57.44,0.835,-0.012,0.081,0.703,0.132,7.08,0.97,0,0.13,5.98
Rwanda,2013,3.466,7.449,0.75,58.06,0.904,-0.028,0.117,0.76,0.167,6.86,1.01,0.01,0.19,5.64
Rwanda,2014,3.596,7.484,0.748,58.68,0.894,-0.023,0.078,0.763,0.134,7.12,0.92,0.01,0.13,6.06
Rwanda,2015,3.483,7.544,0.678,59.3,0.908,0.025,0.095,0.721,0.206,7.05,1.12,0.01,0.04,5.88
Rwanda,2016,3.333,7.576,0.665,59.9,0.911,0.025,0.159,0.752,0.285,7.09,1.16,0.01,0.04,5.88
Rwanda,2017,3.108,7.588,0.517,60.5,0.908,0.051,0.214,0.762,0.358,6.99,1.06,0.01,0.04,5.88
Rwanda,2018,3.561,7.644,0.616,61.1,0.924,0.057,0.164,0.793,0.308,6.99,1.06,0.01,0.04,5.88
Saudi Arabia,2010,6.307,10.693,0.88,64.4,0.678,-0.033,,0.645,0.297,0.09,0,0,0.08,0
Saudi Arabia,2011,6.7,10.758,0.83,64.6,0.603,-0.142,,0.726,0.24,0.09,0,0,0.09,0
Saudi Arabia,2012,6.396,10.779,0.867,64.8,0.56,-0.12,,0.715,0.225,0.09,0,0,0.08,0
Saudi Arabia,2013,6.495,10.776,0.827,65,0.661,-0.081,,0.744,0.276,0.09,0,0,0.08,0
Saudi Arabia,2014,6.278,10.783,0.818,65.2,0.762,-0.073,,0.705,0.313,0.08,0,0,0.08,0
Saudi Arabia,2015,6.345,10.798,0.82,65.4,0.82,-0.045,,0.724,0.327,0.08,0,0,0.08,0
Saudi Arabia,2016,6.474,10.792,0.89,65.7,0.774,-0.132,,0.793,0.266,0.08,0,0,0.08,0
Saudi Arabia,2017,6.294,10.764,0.84,66,0.814,-0.131,,0.775,0.306,0.07,0,0,0.07,0
Saudi Arabia,2018,6.356,10.771,0.868,66.3,0.855,-0.192,,0.764,0.288,0.07,0,0,0.07,0
Senegal,2010,4.372,7.917,0.76,56.1,0.777,-0.077,0.851,0.769,0.143,0.28,0.14,0.11,0.03,0
Senegal,2011,3.834,7.904,0.602,56.56,0.641,-0.16,0.87,0.752,0.18,0.31,0.15,0.13,0.03,0
Senegal,2012,3.669,7.926,0.711,57.02,0.668,-0.036,0.852,0.771,0.214,0.27,0.14,0.11,0.02,0
Senegal,2013,3.647,7.926,0.823,57.48,0.636,-0.052,0.837,0.68,0.165,0.25,0.14,0.08,0.03,0
Senegal,2014,4.395,7.961,0.856,57.94,0.692,-0.045,0.7,0.725,0.157,0.25,0.14,0.08,0.02,0
Senegal,2015,4.617,7.995,0.702,58.4,0.72,-0.111,0.765,0.711,0.208,0.24,0.14,0.08,0.02,0
Senegal,2016,4.595,8.029,0.839,58.8,0.744,-0.086,0.794,0.784,0.245,0.3,0.18,0.1,0.02,0
Senegal,2017,4.683,8.072,0.744,59.2,0.687,-0.044,0.825,0.746,0.291,0.3,0.18,0.1,0.02,0
Senegal,2018,4.769,8.106,0.739,59.6,0.629,-0.074,0.805,0.714,0.247,0.27,0.18,0.07,0.02,0
Serbia,2010,4.461,9.579,0.726,66.2,0.463,-0.17,0.965,0.532,0.415,8.64,3.09,3.05,2.28,0.22
Serbia,2011,4.815,9.607,0.773,66.36,0.44,-0.185,0.977,0.545,0.41,8.36,3.14,2.72,2.28,0.21
Serbia,2012,5.155,9.605,0.819,66.52,0.461,-0.13,0.952,0.514,0.371,8.6,3.08,3.02,2.28,0.23
Serbia,2013,5.102,9.638,0.828,66.68,0.533,-0.1,0.908,0.529,0.403,7.78,2.89,2.41,2.25,0.23
Serbia,2014,5.113,9.627,0.783,66.84,0.532,0.072,0.912,0.498,0.326,7.06,2.81,1.76,2.27,0.22
Serbia,2015,5.318,9.649,0.816,67,0.546,-0.062,0.859,0.496,0.303,7.09,2.96,1.6,2.29,0.23
Serbia,2016,5.753,9.688,0.895,67.4,0.614,-0.068,0.89,0.535,0.298,7.21,2.95,1.7,2.33,0.23
Serbia,2017,5.122,9.713,0.884,67.8,0.685,-0.077,0.851,0.51,0.326,7.32,3.02,1.72,2.35,0.24
Serbia,2018,5.936,9.762,0.853,68.2,0.74,-0.1,0.864,0.559,0.296,7.35,3.02,1.72,2.38,0.24
Sierra Leone,2010,4.134,7.254,0.812,43.9,0.726,0.012,0.91,0.514,0.29,3.74,0.17,0.24,0.02,3.32
Sierra Leone,2011,4.502,7.292,0.782,44.32,0.77,0.005,0.855,0.446,0.3,3.75,0.18,0.32,0.02,3.24
Sierra Leone,2013,4.514,7.577,0.708,45.16,0.72,-0.071,0.856,0.521,0.423,3.17,0.22,0.03,0,2.92
Sierra Leone,2014,4.5,7.6,0.869,45.58,0.681,0.034,0.786,0.57,0.334,3.39,0.12,0.02,0,3.25
Sierra Leone,2015,4.909,7.347,0.611,46,0.624,0.05,0.825,0.625,0.414,3.41,0.12,0.03,0,3.25
Sierra Leone,2016,4.733,7.384,0.657,47.6,0.681,0.106,0.863,0.584,0.456,3.49,0.1,0.14,0,3.25
Sierra Leone,2017,4.09,7.404,0.652,49.2,0.711,0.079,0.848,0.6,0.495,3.43,0.15,0.04,0,3.25
Sierra Leone,2018,4.306,7.417,0.65,50.8,0.716,0.095,0.856,0.552,0.466,3.43,0.15,0.04,0,3.25
Singapore,2010,6.531,11.267,0.864,74.8,0.846,-0.018,0.06,0.602,0.131,1.84,1.29,0.25,0.27,0.03
Singapore,2011,6.561,11.307,0.904,75.02,0.822,-0.149,0.099,0.483,0.144,1.89,1.31,0.27,0.28,0.03
Singapore,2013,6.533,11.357,0.808,75.46,0.827,0.115,0.242,0.77,0.148,1.86,1.24,0.28,0.3,0.03
Singapore,2014,7.062,11.383,0.822,75.68,0.835,0.154,0.133,0.841,0.18,1.84,1.29,0.27,0.24,0.03
Singapore,2015,6.62,11.4,0.866,75.9,0.887,0.15,0.099,0.803,0.142,1.82,1.27,0.27,0.25,0.03
Singapore,2016,6.033,11.419,0.925,76.2,0.904,0.143,0.047,0.824,0.111,1.84,1.28,0.27,0.25,0.04
Singapore,2017,6.378,11.461,0.897,76.5,0.926,0.136,0.162,0.8,0.179,1.8,1.25,0.27,0.24,0.03
Singapore,2018,6.375,11.49,0.903,76.8,0.916,-0.066,0.097,0.787,0.107,1.85,1.25,0.3,0.27,0.04
Slovakia,2010,6.052,10.169,0.92,66.8,0.636,-0.101,0.907,0.666,0.277,10.51,3.43,2.13,4.61,0.35
Slovakia,2011,5.945,10.196,0.917,67.04,0.727,0.01,0.907,0.637,0.287,10.74,3.54,2.24,4.48,0.47
Slovakia,2012,5.911,10.213,0.926,67.28,0.62,-0.028,0.907,0.656,0.302,10.62,3.66,2.12,4.36,0.47
Slovakia,2013,5.937,10.218,0.909,67.52,0.598,-0.051,0.915,0.698,0.277,10.49,3.42,2.36,4.13,0.59
Slovakia,2014,6.139,10.244,0.924,67.76,0.635,-0.126,0.914,0.703,0.267,10.62,3.3,2.83,4.13,0.35
Slovakia,2015,6.162,10.291,0.943,68,0.587,-0.128,0.928,0.714,0.269,10.74,3.42,2.6,4.25,0.47
Slovakia,2016,5.993,10.31,0.945,68.3,0.7,-0.061,0.917,0.774,0.232,9.92,3.19,2.13,4.25,0.35
Slovakia,2017,6.366,10.339,0.913,68.6,0.714,-0.055,0.92,0.788,0.213,10.16,3.43,2.13,4.14,0.47
Slovakia,2018,6.235,10.376,0.922,68.9,0.758,-0.167,0.91,0.754,0.253,10.16,3.43,2.13,4.14,0.47
Slovenia,2010,6.083,10.419,0.917,69.2,0.896,0.029,0.845,0.671,0.295,10.33,4.59,4.85,0.89,0
Slovenia,2011,6.036,10.426,0.931,69.4,0.907,-0.025,0.893,0.652,0.285,10.61,4.94,4.81,0.86,0
Slovenia,2012,6.063,10.397,0.925,69.6,0.904,-0.02,0.891,0.656,0.284,10.95,4.58,5.5,0.87,0
Slovenia,2013,5.975,10.385,0.932,69.8,0.89,0.036,0.918,0.635,0.274,9.53,4.55,4.09,0.89,0
Slovenia,2014,5.678,10.412,0.908,70,0.888,0.052,0.909,0.62,0.291,10.92,5.37,4.73,0.82,0
Slovenia,2015,5.741,10.433,0.901,70.2,0.896,0.008,0.892,0.659,0.261,11.49,5.73,4.9,0.86,0
Slovenia,2016,5.937,10.463,0.934,70.5,0.904,-0.055,0.838,0.626,0.272,10.51,4.35,5.32,0.84,0
Slovenia,2017,6.167,10.509,0.928,70.8,0.921,-0.025,0.829,0.615,0.286,10.12,4.59,4.6,0.93,0
Slovenia,2018,6.249,10.546,0.941,71.1,0.942,-0.119,0.839,0.644,0.275,9.99,4.66,4.13,1.2,0
Somalia,2014,5.528,,0.611,49.6,0.874,,0.456,0.834,0.207,0.01,0,0,0.01,0
Somalia,2015,5.354,,0.599,50.1,0.968,,0.41,0.901,0.187,0,0,0,0,0
Somalia,2016,4.668,,0.594,50,0.917,,0.441,0.891,0.193,0,0,0,0,0
South Africa,2010,4.652,9.43,0.917,50.5,0.739,-0.202,0.791,0.794,0.124,7.25,4.1,1.27,1.29,0.58
South Africa,2011,4.931,9.447,0.858,51.46,0.835,-0.154,0.819,0.763,0.23,7.31,4.12,1.28,1.32,0.6
South Africa,2012,5.134,9.453,0.907,52.42,0.59,-0.163,0.838,0.761,0.178,7.37,4.11,1.28,1.33,0.65
South Africa,2013,3.661,9.461,0.839,53.38,0.714,-0.077,0.8,0.773,0.167,7.35,4.09,1.28,1.3,0.68
South Africa,2014,4.828,9.464,0.881,54.34,0.794,-0.117,0.82,0.798,0.243,7.39,4.05,1.35,1.29,0.69
South Africa,2015,4.887,9.46,0.898,55.3,0.862,-0.127,0.853,0.781,0.161,7.33,4.01,1.42,1.26,0.63
South Africa,2016,4.77,9.45,0.875,55.7,0.774,-0.07,0.813,0.786,0.301,7.3,4,1.43,1.27,0.6
South Africa,2017,4.514,9.45,0.87,56.1,0.787,-0.129,0.865,0.785,0.268,7.34,3.97,1.45,1.3,0.63
South Africa,2018,4.884,9.444,0.841,56.5,0.753,-0.05,0.841,0.812,0.283,7.26,3.89,1.36,1.32,0.68
Spain,2010,6.188,10.529,0.95,72.9,0.796,-0.138,0.84,0.724,0.322,8.79,3.83,2.15,2.64,0.17
Spain,2011,6.518,10.518,0.944,73.02,0.819,-0.122,0.846,0.737,0.356,8.58,3.85,2.06,2.5,0.17
Spain,2012,6.291,10.487,0.937,73.14,0.755,-0.059,0.844,0.749,0.366,8.44,3.88,2.13,2.27,0.17
Spain,2013,6.15,10.476,0.929,73.26,0.759,-0.101,0.916,0.696,0.372,8.39,3.89,2.09,2.26,0.16
Spain,2014,6.456,10.492,0.948,73.38,0.738,-0.028,0.854,0.716,0.335,7.67,4.05,1.21,2.24,0.17
Spain,2015,6.381,10.531,0.956,73.5,0.732,-0.072,0.822,0.732,0.285,10.35,4.17,3.7,2.31,0.17
Spain,2016,6.319,10.56,0.942,73.8,0.768,-0.048,0.819,0.653,0.301,10.8,4.31,3.86,2.46,0.18
Spain,2017,6.23,10.586,0.903,74.1,0.756,-0.032,0.791,0.625,0.302,10.84,4.5,3.87,2.3,0.18
Spain,2018,6.513,10.605,0.91,74.4,0.722,-0.075,0.777,0.659,0.357,10.43,4.64,3.34,2.29,0.16
Sri Lanka,2010,3.977,9.119,0.814,66.1,0.738,0.259,0.769,0.823,0.163,2.31,0.3,0,1.97,0.04
Sri Lanka,2011,4.181,9.193,0.842,66.2,0.823,0.145,0.76,0.825,0.175,3.03,0.28,0,2.7,0.05
Sri Lanka,2012,4.225,9.279,0.824,66.3,0.8,0.161,0.823,0.864,0.197,2.89,0.4,0,2.42,0.06
Sri Lanka,2013,4.365,9.305,0.809,66.4,0.834,0.268,0.842,0.86,0.208,2.65,0.4,0,2.18,0.06
Sri Lanka,2014,4.268,9.344,0.805,66.5,0.868,0.299,0.791,0.843,0.187,2.45,0.37,0.01,2.03,0.05
Sri Lanka,2015,4.612,9.383,0.863,66.6,0.902,0.319,0.859,0.848,0.235,2.72,0.36,0.01,2.31,0.04
Sri Lanka,2017,4.331,9.44,0.823,67,0.827,0.094,0.844,0.795,0.27,2.58,0.22,0.01,2.32,0.03
Sri Lanka,2018,4.435,9.462,0.833,67.2,0.859,0.106,0.856,0.831,0.302,2.58,0.22,0.01,2.32,0.03
Sudan,2010,4.435,8.076,0.855,54,0.648,-0.04,0.737,0.669,0.221,,,,,
Sudan,2011,4.314,8.204,0.818,54.28,0.583,-0.024,0.663,0.586,0.249,0.46,0.08,0,0.38,0
Sudan,2012,4.55,8.296,0.813,54.56,0.412,-0.056,0.734,0.576,0.242,0,0,0,0,0
Sudan,2014,4.139,8.317,0.811,55.12,0.39,-0.063,0.794,0.541,0.303,0.03,0.01,0,0.02,0
Suriname,2012,6.269,9.797,0.797,62.24,0.885,-0.077,0.751,0.764,0.25,5.74,2.06,0.17,3.29,0.22
Sweden,2010,7.496,10.79,0.97,71.9,0.905,0.141,0.253,0.833,0.2,7.38,2.74,3.4,1.11,0.13
Sweden,2011,7.382,10.814,0.921,71.98,0.941,0.161,0.269,0.815,0.179,7.31,2.67,3.47,1.05,0.12
Sweden,2012,7.56,10.8,0.929,72.06,0.944,0.132,0.254,0.855,0.17,7.23,2.63,3.43,1.05,0.12
Sweden,2013,7.434,10.804,0.916,72.14,0.936,0.159,0.324,0.829,0.184,7.32,2.65,3.5,1.06,0.11
Sweden,2014,7.239,10.82,0.933,72.22,0.945,0.202,0.25,0.836,0.208,7.2,2.64,3.46,0.99,0.11
Sweden,2015,7.289,10.853,0.929,72.3,0.935,0.211,0.232,0.818,0.191,7.13,2.62,3.4,1,0.11
Sweden,2016,7.369,10.861,0.912,72.4,0.918,0.146,0.246,0.816,0.201,7.15,2.65,3.39,1,0.11
Sweden,2017,7.287,10.873,0.914,72.5,0.935,0.17,0.239,0.814,0.175,7.04,2.57,3.36,0.99,0.12
Sweden,2018,7.375,10.881,0.931,72.6,0.942,0.077,0.263,0.823,0.161,7.2,2.69,3.38,1,0.13
Switzerland,2012,7.776,11.079,0.947,72.78,0.945,0.139,0.323,0.859,0.176,9.87,3.17,4.7,1.88,0.12
Switzerland,2014,7.493,11.098,0.959,73.06,0.949,0.06,0.283,0.823,0.189,9.62,3.17,4.58,1.76,0.12
Switzerland,2015,7.572,11.1,0.938,73.2,0.928,0.109,0.21,0.809,0.166,9.62,3.17,4.58,1.76,0.12
Switzerland,2016,7.459,11.106,0.928,73.5,0.934,0.088,0.302,0.779,0.206,9.51,3.05,4.34,1.76,0.12
Switzerland,2017,7.474,11.115,0.95,73.8,0.925,0.18,0.316,0.774,0.196,9.51,3.05,4.23,1.76,0.12
Switzerland,2018,7.509,11.134,0.93,74.1,0.926,0.101,0.301,0.792,0.192,9.51,3.17,4.23,1.65,0.12
Tajikistan,2010,4.381,7.723,0.759,62.4,0.784,0.062,0.679,0.643,0.192,0.67,0.29,0.01,0.36,0
Tajikistan,2011,4.263,7.772,0.751,62.56,0.776,-0.119,0.672,0.698,0.166,0.69,0.36,0.01,0.32,0
Tajikistan,2012,4.497,7.821,0.729,62.72,0.749,-0.073,0.717,0.714,0.198,0.76,0.36,0.01,0.38,0
Tajikistan,2013,4.967,7.87,0.701,62.88,0.693,0.063,0.764,0.677,0.17,0.78,0.39,0.01,0.38,0
Tajikistan,2014,4.896,7.911,0.81,63.04,0.853,0.002,0.698,0.656,0.196,0.81,0.35,0.01,0.45,0
Tajikistan,2015,5.124,7.945,0.844,63.2,0.847,0.022,0.742,0.689,0.196,0.9,0.36,0.01,0.53,0
Tajikistan,2016,5.104,7.987,0.857,63.5,0.703,0.01,0.632,0.644,0.22,0.86,0.34,0.01,0.5,0
Tajikistan,2017,5.829,8.036,0.663,63.8,0.832,0.124,0.718,0.603,0.278,0.86,0.38,0.01,0.47,0
Tajikistan,2018,5.497,8.082,0.875,64.1,,-0.065,0.578,0.695,0.22,0.84,0.38,0.01,0.45,0
Thailand,2010,6.217,9.576,0.898,65.5,0.86,0.536,0.917,0.901,0.182,6.7,1.86,0.09,4.75,6.7
Thailand,2011,6.664,9.579,0.884,65.72,0.927,0.4,0.923,0.934,0.117,7.14,1.94,0.12,5.08,7.14
Thailand,2012,6.3,9.645,0.906,65.94,0.847,0.38,0.909,0.855,0.138,7.09,2.11,0.15,4.83,7.09
Thailand,2013,6.231,9.667,0.926,66.16,0.781,0.456,0.925,0.846,0.141,6.79,2.22,0.17,4.4,6.79
Thailand,2014,6.985,9.672,0.933,66.38,0.9,0.553,0.92,0.811,0.169,6.9,2.1,0.18,4.62,6.9
Thailand,2015,6.202,9.699,0.866,66.6,0.885,0.316,0.914,0.91,0.174,6.57,1.86,0.18,4.53,6.57
Thailand,2016,6.074,9.729,0.908,66.8,0.924,0.356,0.878,0.835,0.218,6.57,1.86,0.18,4.53,6.57
Thailand,2017,5.939,9.765,0.877,67,0.923,0.212,0.884,0.816,0.232,6.57,1.86,0.18,4.53,6.57
Thailand,2018,6.012,9.803,0.873,67.2,0.905,0.259,0.907,0.843,0.198,6.57,1.86,0.18,4.53,6.57
Togo,2011,2.936,7.146,0.303,51.58,0.584,-0.07,0.832,0.48,0.395,1.14,0.48,0.1,0.21,0.35
Togo,2014,2.839,7.247,0.444,53.02,0.663,-0.085,0.795,0.583,0.443,1.24,0.6,0.08,0.24,0.32
Togo,2015,3.768,7.277,0.479,53.5,0.772,-0.069,0.733,0.599,0.416,1.33,0.69,0.08,0.23,0.32
Togo,2016,3.879,7.306,0.509,53.9,0.73,-0.007,0.815,0.604,0.483,1.26,0.65,0.07,0.22,0.32
Togo,2017,4.361,7.324,0.508,54.3,0.717,-0.042,0.726,0.614,0.426,1.33,0.73,0.08,0.21,0.32
Togo,2018,4.023,7.348,0.596,54.7,0.612,-0.007,0.809,0.608,0.446,1.31,0.73,0.07,0.2,0.32
Trinidad and Tobago,2011,6.519,10.263,0.863,62.54,0.775,0.078,0.9,0.906,0.134,5.93,2.92,0.18,2.75,0.08
Trinidad and Tobago,2013,6.168,10.285,0.883,62.82,0.847,0.128,0.948,0.833,0.286,6.03,2.91,0.26,2.78,0.08
Trinidad and Tobago,2017,6.192,10.183,0.916,63.5,0.859,0.015,0.911,0.846,0.248,5.82,2.97,0.29,2.47,0.09
Tunisia,2010,5.131,9.222,0.863,65.1,0.624,-0.135,0.732,0.725,0.249,1.26,0.87,0.26,0.11,0.02
Tunisia,2011,4.876,9.192,0.715,65.28,0.603,-0.199,0.913,0.588,0.248,1.26,0.85,0.29,0.1,0.02
Tunisia,2012,4.464,9.222,0.614,65.46,0.568,-0.176,0.899,0.521,0.327,1.35,0.85,0.37,0.12,0.02
Tunisia,2013,5.246,9.24,0.648,65.64,0.536,-0.207,0.886,0.517,0.239,1.39,0.86,0.38,0.14,0.02
Tunisia,2014,4.764,9.26,0.68,65.82,0.589,-0.232,0.783,0.503,0.321,1.48,0.96,0.36,0.14,0.02
Tunisia,2015,5.132,9.261,0.609,66,0.711,-0.226,0.815,0.573,0.32,1.49,1.04,0.3,0.13,0.01
Tunisia,2016,4.521,9.262,0.702,66.3,0.614,-0.165,0.811,0.612,0.378,1.53,1.02,0.36,0.13,0.02
Tunisia,2017,4.124,9.269,0.717,66.6,0.478,-0.219,0.869,0.421,0.377,1.56,1,0.38,0.15,0.02
Tunisia,2018,4.741,9.284,0.733,66.9,0.65,-0.191,0.84,0.592,0.365,1.6,1,0.38,0.19,0.02
Turkey,2010,5.49,9.906,0.795,64.4,0.515,-0.187,0.811,0.652,0.327,1.56,0.89,0.14,0.53,0
Turkey,2011,5.272,9.996,0.692,64.64,0.446,-0.242,0.649,0.621,0.38,1.59,0.88,0.13,0.58,0
Turkey,2012,5.309,10.026,0.739,64.88,0.471,-0.216,0.702,0.645,0.335,1.6,0.94,0.13,0.53,0
Turkey,2013,4.888,10.091,0.795,65.12,0.541,-0.229,0.698,0.635,0.392,1.46,0.82,0.14,0.51,0
Turkey,2014,5.58,10.124,0.863,65.36,0.649,-0.024,0.764,0.483,0.377,1.5,0.86,0.14,0.5,0
Turkey,2015,5.514,10.166,0.851,65.6,0.653,-0.016,0.806,0.46,0.382,1.43,0.82,0.14,0.47,0
Turkey,2016,5.326,10.181,0.88,66,0.644,-0.065,0.764,0.465,0.39,1.38,0.8,0.16,0.42,0
Turkey,2017,5.607,10.238,0.876,66.4,0.644,-0.237,0.671,0.45,0.313,1.38,0.79,0.15,0.44,0
Turkey,2018,5.186,10.251,0.847,66.8,0.529,-0.176,0.805,0.435,0.351,1.43,0.82,0.17,0.44,0
Turkmenistan,2011,5.792,9.182,0.964,60.04,,0.018,,0.639,0.122,2.88,0.29,1.28,1.31,0
Turkmenistan,2012,5.464,9.269,0.946,60.28,0.786,-0.123,,0.584,0.117,3,0.45,1.26,1.3,0
Turkmenistan,2013,5.392,9.348,0.846,60.52,0.705,-0.071,,0.599,0.16,3.18,0.64,1.25,1.29,0
Turkmenistan,2014,5.787,9.427,0.909,60.76,0.805,0.032,,0.695,0.154,3.24,0.64,1.32,1.28,0
Turkmenistan,2015,5.791,9.472,0.96,61,0.701,0.093,,0.705,0.301,3.36,0.68,1.39,1.29,0
Turkmenistan,2016,5.887,9.515,0.929,61.4,0.749,0.005,,0.636,0.255,3.32,0.71,1.39,1.21,0
Turkmenistan,2017,5.229,9.561,0.908,61.8,0.72,0.066,,0.521,0.35,3.17,0.72,1.33,1.12,0
Turkmenistan,2018,4.621,9.605,0.984,62.2,0.858,0.26,,0.612,0.189,3.08,0.72,1.33,1.03,0
Uganda,2010,4.193,7.528,0.83,50.4,0.801,-0.015,0.855,0.648,0.251,11.5,0.68,0.01,0.55,10.27
Uganda,2011,4.826,7.586,0.882,51.22,0.733,0.032,0.83,0.678,0.254,11.71,0.72,0.01,0.55,10.44
Uganda,2012,4.309,7.592,0.885,52.04,0.649,0.081,0.838,0.754,0.265,8.39,0.91,0.01,0.54,6.93
Uganda,2013,3.71,7.595,0.878,52.86,0.763,0.053,0.82,0.676,0.346,7.72,0.78,0.01,0.54,6.4
Uganda,2014,3.77,7.611,0.821,53.68,0.834,0.009,0.898,0.681,0.397,12.52,0.87,0.01,0.55,11.09
Uganda,2015,4.238,7.627,0.747,54.5,0.758,0.135,0.873,0.703,0.353,12.13,0.82,0.01,0.56,10.73
Uganda,2016,4.233,7.637,0.754,54.9,0.739,0.132,0.811,0.668,0.41,12.1,0.8,0.01,0.56,10.73
Uganda,2017,4.001,7.638,0.74,55.3,0.772,0.06,0.816,0.703,0.4,12.19,0.84,0.01,0.61,10.73
Uganda,2018,4.322,7.66,0.74,55.7,0.729,0.079,0.856,0.685,0.39,12.2,0.84,0.01,0.61,10.73
Ukraine,2010,5.058,9.374,0.884,62.2,0.484,-0.189,0.954,0.513,0.227,7.77,3.39,0.46,3.87,0.06
Ukraine,2011,5.083,9.431,0.859,62.5,0.579,-0.228,0.933,0.59,0.22,8.75,3.33,0.43,4.92,0.06
Ukraine,2012,5.03,9.436,0.898,62.8,0.564,-0.223,0.896,0.57,0.193,8.55,3.29,0.42,4.76,0.08
Ukraine,2013,4.711,9.438,0.897,63.1,0.569,-0.216,0.937,0.643,0.225,8.74,3.22,0.42,5.01,0.08
Ukraine,2014,4.297,9.426,0.877,63.4,0.533,0.084,0.927,0.594,0.249,7.6,2.94,0.35,4.23,0.08
Ukraine,2015,3.965,9.327,0.909,63.7,0.431,-0.033,0.952,0.574,0.241,6.06,2.52,0.32,3.16,0.07
Ukraine,2016,4.029,9.353,0.885,64,0.503,0.011,0.891,0.589,0.22,5.74,2.37,0.31,3.01,0.05
Ukraine,2017,4.311,9.382,0.858,64.3,0.599,-0.002,0.937,0.597,0.235,5.15,2.44,0.29,2.39,0.04
Ukraine,2018,4.662,9.42,0.901,64.6,0.663,-0.074,0.943,0.609,0.222,5.15,2.44,0.31,2.65,0.05
United Arab Emirates,2010,7.097,10.914,0.912,66.4,0.878,0.057,0.355,0.763,0.233,1.75,0.22,0.12,1.41,0.01
United Arab Emirates,2011,7.119,10.935,0.881,66.42,0.889,0.071,,0.763,0.216,1.81,0.21,0.12,1.47,0.01
United Arab Emirates,2012,7.218,10.958,0.856,66.44,0.92,,,0.768,0.224,1.83,0.21,0.12,1.49,0.01
United Arab Emirates,2013,6.621,11.001,0.864,66.46,0.936,,,,0.291,1.9,0.22,0.13,1.55,0.01
United Arab Emirates,2014,6.54,11.041,,66.48,,,,,,2.02,0.22,0.14,1.64,0.01
United Arab Emirates,2015,6.568,11.086,0.824,66.5,0.915,0.201,,0.761,0.296,2.14,0.23,0.15,1.75,0.02
United Arab Emirates,2016,6.831,11.105,0.849,66.7,0.949,0.131,,0.775,0.245,2.17,0.23,0.15,1.77,0.02
United Arab Emirates,2017,7.039,11.115,0.836,66.9,0.962,0.216,,0.795,0.208,2.16,0.23,0.15,1.76,0.02
United Arab Emirates,2018,6.604,11.112,0.851,67.1,0.944,0.054,,0.787,0.302,2.12,0.22,0.15,1.73,0.02
Uruguay,2010,6.062,9.782,0.893,68,0.832,-0.158,0.471,0.807,0.231,5.99,1.79,3.62,0.58,0
Uruguay,2011,6.554,9.83,0.891,68.14,0.851,-0.08,0.556,0.805,0.252,6.02,1.95,3.47,0.61,0
Uruguay,2012,6.45,9.861,0.865,68.28,0.871,0.067,0.615,0.788,0.214,6.55,2.01,3.95,0.59,0
Uruguay,2013,6.444,9.904,0.917,68.42,0.888,-0.043,0.586,0.826,0.253,6.42,1.97,3.83,0.62,0
Uruguay,2014,6.561,9.932,0.902,68.56,0.904,-0.073,0.533,0.869,0.251,6.14,1.94,3.23,0.97,0
Uruguay,2015,6.628,9.932,0.891,68.7,0.917,-0.032,0.673,0.893,0.3,6,1.97,3.07,0.96,0
Uruguay,2016,6.171,9.946,0.9,68.8,0.886,-0.072,0.676,0.842,0.283,5.53,1.73,2.95,0.85,0
Uruguay,2017,6.336,9.968,0.914,68.9,0.898,-0.091,0.627,0.836,0.28,5.75,1.96,3.01,0.79,0
Uruguay,2018,6.372,9.98,0.917,69,0.876,-0.097,0.683,0.877,0.275,6.2,1.97,3.5,0.73,0
Uzbekistan,2010,5.095,8.445,0.903,63.2,,-0.03,0.519,0.776,0.152,1.69,0.81,0.07,0.81,0
Uzbekistan,2011,5.739,8.493,0.924,63.4,0.934,0.042,0.522,0.787,0.123,1.68,0.77,0.1,0.81,0
Uzbekistan,2012,6.019,8.55,0.933,63.6,0.914,-0.037,0.463,0.786,0.118,1.43,0.53,0.1,0.8,0
Uzbekistan,2013,5.94,8.607,0.963,63.8,0.95,-0.034,0.434,0.749,0.13,1.52,0.48,0.16,0.88,0
Uzbekistan,2014,6.049,8.659,0.952,64,0.954,0.061,0.536,0.805,0.106,1.48,0.44,0.16,0.89,0
Uzbekistan,2015,5.972,8.714,0.968,64.2,0.98,0.375,0.471,0.84,0.103,1.59,0.53,0.18,0.88,0
Uzbekistan,2016,5.893,8.756,0.945,64.5,0.984,0.208,,0.842,0.147,1.59,0.55,0.17,0.87,0
Uzbekistan,2017,6.421,8.782,0.942,64.8,0.985,0.123,0.465,0.839,0.203,1.57,0.55,0.14,0.87,0
Uzbekistan,2018,6.205,8.818,0.921,65.1,0.97,0.318,0.52,0.825,0.209,1.57,0.55,0.14,0.88,0
Yemen,2010,4.35,8.453,0.727,54.3,0.659,-0.104,0.853,0.582,0.308,0.05,0.05,0,0,0
Yemen,2011,3.746,8.336,0.663,54.3,0.638,-0.173,0.754,0.503,0.285,0.04,0.03,0,0,0
Yemen,2012,4.061,8.236,0.682,54.3,0.706,-0.171,0.793,0.502,0.263,0.04,0.04,0,0,0
Yemen,2013,4.218,8.242,0.694,54.3,0.543,-0.179,0.885,0.558,0.266,0.04,0.03,0,0,0
Yemen,2014,3.968,8.117,0.638,54.3,0.664,-0.157,0.885,0.611,0.276,0.03,0.03,0,0,0
Yemen,2015,2.983,7.858,0.669,54.3,0.61,-0.139,0.829,0.507,0.321,0.03,0.03,0,0,0
Yemen,2016,3.826,7.715,0.775,55.1,0.533,-0.151,,0.469,0.228,0.03,0.03,0,0,0
Yemen,2017,3.254,7.578,0.79,55.9,0.595,-0.147,,0.455,0.295,0.03,0.03,0,0,0
Yemen,2018,3.058,,0.789,56.7,0.553,,0.793,0.461,0.315,0.03,0.03,0,0,0
Zambia,2011,4.999,8.071,0.864,50.84,0.663,0.003,0.882,0.833,0.204,3.49,0.71,0.61,0.34,1.84
Zambia,2012,5.013,8.114,0.78,51.58,0.788,0.008,0.806,0.726,0.25,3.51,0.82,0.6,0.38,1.71
Zambia,2013,5.244,8.131,0.761,52.32,0.77,-0.104,0.732,0.735,0.308,2.78,0.95,0.07,0.01,1.75
Zambia,2014,4.346,8.146,0.706,53.06,0.812,-0.011,0.809,0.692,0.327,4.66,1.08,0.09,0.7,2.79
Zambia,2015,4.843,8.144,0.691,53.8,0.759,-0.039,0.871,0.69,0.382,3.85,1.05,0.08,0.62,2.1
Zambia,2016,4.348,8.151,0.767,54.3,0.812,0.122,0.771,0.731,0.372,3.85,1.07,0.06,0.62,2.1
Zambia,2017,3.933,8.156,0.744,54.8,0.823,0.14,0.74,0.685,0.387,3.95,1.15,0.08,0.62,2.1
Zambia,2018,4.041,8.167,0.718,55.3,0.791,0.048,0.811,0.703,0.351,3.95,1.15,0.08,0.62,2.1
Zimbabwe,2010,4.682,7.729,0.857,46.7,0.665,-0.093,0.828,0.748,0.122,3.25,1.67,0.1,0.32,1.17
Zimbabwe,2011,4.846,7.846,0.865,48.12,0.633,-0.088,0.83,0.781,0.211,3.8,2.05,0.13,0.31,1.32
Zimbabwe,2012,4.955,7.983,0.896,49.54,0.47,-0.103,0.859,0.669,0.177,3.76,2.07,0.09,0.42,1.18
Zimbabwe,2013,4.69,7.985,0.799,50.96,0.576,-0.104,0.831,0.712,0.182,4.01,2.12,0.19,0.41,1.29
Zimbabwe,2014,4.184,7.991,0.766,52.38,0.642,-0.074,0.82,0.725,0.239,4.06,2.23,0.19,0.27,1.36
Zimbabwe,2015,3.703,7.992,0.736,53.8,0.667,-0.123,0.81,0.715,0.179,3.51,1.93,0.03,0.27,1.28
Zimbabwe,2016,3.735,7.984,0.768,54.4,0.733,-0.095,0.724,0.738,0.209,3.46,1.93,0.04,0.27,1.22
Zimbabwe,2017,3.638,8.016,0.754,55,0.753,-0.098,0.751,0.806,0.224,3.46,1.93,0.04,0.27,1.22
Zimbabwe,2018,3.616,8.049,0.775,55.6,0.763,-0.068,0.844,0.71,0.212,3.46,1.93,0.04,0.27,1.22